id,name,created_at,updated_at,ancestry,sizetype_id
1,レディース,2019-09-28 06:10:21,2019-09-28 06:10:21,,
2,トップス,2019-09-28 06:10:21,2019-09-28 06:10:21,1,1
3,Tシャツ/カットソー(半袖/袖なし),2019-09-28 06:10:21,2019-09-28 06:10:21,1/2,1
4,Tシャツ/カットソー(七分/長袖),2019-09-28 06:10:21,2019-09-28 06:10:21,1/2,1
5,シャツ/ブラウス(半袖/袖なし),2019-09-28 06:10:21,2019-09-28 06:10:21,1/2,1
6,シャツ/ブラウス(七分/長袖),2019-09-28 06:10:21,2019-09-28 06:10:21,1/2,1
7,ポロシャツ,2019-09-28 06:10:21,2019-09-28 06:10:21,1/2,1
8,キャミソール,2019-09-28 06:10:21,2019-09-28 06:10:21,1/2,1
9,タンクトップ,2019-09-28 06:10:21,2019-09-28 06:10:21,1/2,1
10,ホルターネック,2019-09-28 06:10:21,2019-09-28 06:10:21,1/2,1
11,ニット/セーター,2019-09-28 06:10:21,2019-09-28 06:10:21,1/2,1
12,チュニック,2019-09-28 06:10:21,2019-09-28 06:10:21,1/2,1
13,カーディガン/ボレロ,2019-09-28 06:10:21,2019-09-28 06:10:21,1/2,1
14,アンサンブル,2019-09-28 06:10:21,2019-09-28 06:10:21,1/2,1
15,ベスト/ジレ,2019-09-28 06:10:21,2019-09-28 06:10:21,1/2,1
16,パーカー,2019-09-28 06:10:21,2019-09-28 06:10:21,1/2,1
17,トレーナー/スウェット,2019-09-28 06:10:21,2019-09-28 06:10:21,1/2,1
18,ベアトップ/チューブトップ,2019-09-28 06:10:21,2019-09-28 06:10:21,1/2,1
19,ジャージ,2019-09-28 06:10:21,2019-09-28 06:10:21,1/2,1
20,その他,2019-09-28 06:10:21,2019-09-28 06:10:21,1/2,1
21,ジャケット/アウター,2019-09-28 06:10:21,2019-09-28 06:10:21,1,1
22,テーラードジャケット,2019-09-28 06:10:21,2019-09-28 06:10:21,1/21,1
23,ノーカラージャケット,2019-09-28 06:10:21,2019-09-28 06:10:21,1/21,1
24,Gジャン/デニムジャケット,2019-09-28 06:10:21,2019-09-28 06:10:21,1/21,1
25,レザージャケット,2019-09-28 06:10:21,2019-09-28 06:10:21,1/21,1
26,ダウンジャケット,2019-09-28 06:10:21,2019-09-28 06:10:21,1/21,1
27,ライダースジャケット,2019-09-28 06:10:21,2019-09-28 06:10:21,1/21,1
28,ミリタリージャケット,2019-09-28 06:10:21,2019-09-28 06:10:21,1/21,1
29,ダウンベスト,2019-09-28 06:10:21,2019-09-28 06:10:21,1/21,1
30,ジャンパー/ブルゾン,2019-09-28 06:10:21,2019-09-28 06:10:21,1/21,1
31,ポンチョ,2019-09-28 06:10:21,2019-09-28 06:10:21,1/21,1
32,ロングコート,2019-09-28 06:10:21,2019-09-28 06:10:21,1/21,1
33,トレンチコート,2019-09-28 06:10:21,2019-09-28 06:10:21,1/21,1
34,ダッフルコート,2019-09-28 06:10:21,2019-09-28 06:10:21,1/21,1
35,ピーコート,2019-09-28 06:10:21,2019-09-28 06:10:21,1/21,1
36,チェスターコート,2019-09-28 06:10:21,2019-09-28 06:10:21,1/21,1
37,モッズコート,2019-09-28 06:10:21,2019-09-28 06:10:21,1/21,1
38,スタジャン,2019-09-28 06:10:21,2019-09-28 06:10:21,1/21,1
39,毛皮/ファーコート,2019-09-28 06:10:21,2019-09-28 06:10:21,1/21,1
40,スプリングコート,2019-09-28 06:10:21,2019-09-28 06:10:21,1/21,1
41,スカジャン,2019-09-28 06:10:21,2019-09-28 06:10:21,1/21,1
42,その他,2019-09-28 06:10:21,2019-09-28 06:10:21,1/21,1
43,パンツ,2019-09-28 06:10:21,2019-09-28 06:10:21,1,1
44,デニム/ジーンズ,2019-09-28 06:10:21,2019-09-28 06:10:21,1/43,1
45,ショートパンツ,2019-09-28 06:10:21,2019-09-28 06:10:21,1/43,1
46,カジュアルパンツ,2019-09-28 06:10:21,2019-09-28 06:10:21,1/43,1
47,ハーフパンツ,2019-09-28 06:10:21,2019-09-28 06:10:21,1/43,1
48,チノパン,2019-09-28 06:10:21,2019-09-28 06:10:21,1/43,1
49,ワークパンツ/カーゴパンツ,2019-09-28 06:10:21,2019-09-28 06:10:21,1/43,1
50,クロップドパンツ,2019-09-28 06:10:21,2019-09-28 06:10:21,1/43,1
51,サロペット/オーバーオール,2019-09-28 06:10:21,2019-09-28 06:10:21,1/43,1
52,オールインワン,2019-09-28 06:10:21,2019-09-28 06:10:21,1/43,1
53,サルエルパンツ,2019-09-28 06:10:21,2019-09-28 06:10:21,1/43,1
54,ガウチョパンツ,2019-09-28 06:10:21,2019-09-28 06:10:21,1/43,1
55,その他,2019-09-28 06:10:21,2019-09-28 06:10:21,1/43,1
56,スカート,2019-09-28 06:10:21,2019-09-28 06:10:21,1,46
57,ミニスカート,2019-09-28 06:10:21,2019-09-28 06:10:21,1/56,46
58,ひざ丈スカート,2019-09-28 06:10:21,2019-09-28 06:10:21,1/56,46
59,ロングスカート,2019-09-28 06:10:21,2019-09-28 06:10:21,1/56,46
60,キュロット,2019-09-28 06:10:21,2019-09-28 06:10:21,1/56,46
61,その他,2019-09-28 06:10:21,2019-09-28 06:10:21,1/56,46
62,ワンピース,2019-09-28 06:10:21,2019-09-28 06:10:21,1,46
63,ミニワンピース,2019-09-28 06:10:21,2019-09-28 06:10:21,1/62,46
64,ひざ丈ワンピース,2019-09-28 06:10:21,2019-09-28 06:10:21,1/62,46
65,ロングワンピース,2019-09-28 06:10:21,2019-09-28 06:10:21,1/62,46
66,その他,2019-09-28 06:10:21,2019-09-28 06:10:21,1/62,46
67,靴,2019-09-28 06:10:21,2019-09-28 06:10:21,1,29
68,ハイヒール/パンプス,2019-09-28 06:10:21,2019-09-28 06:10:21,1/67,29
69,ブーツ,2019-09-28 06:10:21,2019-09-28 06:10:21,1/67,29
70,サンダル,2019-09-28 06:10:21,2019-09-28 06:10:21,1/67,29
71,スニーカー,2019-09-28 06:10:21,2019-09-28 06:10:21,1/67,29
72,ミュール,2019-09-28 06:10:21,2019-09-28 06:10:21,1/67,29
73,モカシン,2019-09-28 06:10:21,2019-09-28 06:10:21,1/67,29
74,ローファー/革靴,2019-09-28 06:10:21,2019-09-28 06:10:21,1/67,29
75,フラットシューズ/バレエシューズ,2019-09-28 06:10:21,2019-09-28 06:10:21,1/67,29
76,長靴/レインシューズ,2019-09-28 06:10:21,2019-09-28 06:10:21,1/67,29
77,その他,2019-09-28 06:10:21,2019-09-28 06:10:21,1/67,29
78,ルームウェア/パジャマ,2019-09-28 06:10:21,2019-09-28 06:10:21,1,1
79,パジャマ,2019-09-28 06:10:21,2019-09-28 06:10:21,1/78,1
80,ルームウェア,2019-09-28 06:10:21,2019-09-28 06:10:21,1/78,1
81,レッグウェア,2019-09-28 06:10:21,2019-09-28 06:10:21,1,
82,ソックス,2019-09-28 06:10:21,2019-09-28 06:10:21,1/81,
83,スパッツ/レギンス,2019-09-28 06:10:21,2019-09-28 06:10:21,1/81,
84,ストッキング/タイツ,2019-09-28 06:10:21,2019-09-28 06:10:21,1/81,
85,レッグウォーマー,2019-09-28 06:10:21,2019-09-28 06:10:21,1/81,
86,その他,2019-09-28 06:10:21,2019-09-28 06:10:21,1/81,
87,帽子,2019-09-28 06:10:21,2019-09-28 06:10:21,1,
88,ニットキャップ/ビーニー,2019-09-28 06:10:21,2019-09-28 06:10:21,1/87,
89,ハット,2019-09-28 06:10:21,2019-09-28 06:10:21,1/87,
90,ハンチング/ベレー帽,2019-09-28 06:10:21,2019-09-28 06:10:21,1/87,
91,キャップ,2019-09-28 06:10:21,2019-09-28 06:10:21,1/87,
92,キャスケット,2019-09-28 06:10:21,2019-09-28 06:10:21,1/87,
93,麦わら帽子,2019-09-28 06:10:21,2019-09-28 06:10:21,1/87,
94,その他,2019-09-28 06:10:21,2019-09-28 06:10:21,1/87,
95,バッグ,2019-09-28 06:10:21,2019-09-28 06:10:21,1,
96,ハンドバッグ,2019-09-28 06:10:21,2019-09-28 06:10:21,1/95,
97,トートバッグ,2019-09-28 06:10:21,2019-09-28 06:10:21,1/95,
98,エコバッグ,2019-09-28 06:10:21,2019-09-28 06:10:21,1/95,
99,リュック/バックパック,2019-09-28 06:10:21,2019-09-28 06:10:21,1/95,
100,ボストンバッグ,2019-09-28 06:10:21,2019-09-28 06:10:21,1/95,
101,スポーツバッグ,2019-09-28 06:10:21,2019-09-28 06:10:21,1/95,
102,ショルダーバッグ,2019-09-28 06:10:21,2019-09-28 06:10:21,1/95,
103,クラッチバッグ,2019-09-28 06:10:21,2019-09-28 06:10:21,1/95,
104,ポーチ/バニティ,2019-09-28 06:10:21,2019-09-28 06:10:21,1/95,
105,ボディバッグ/ウェストバッグ,2019-09-28 06:10:21,2019-09-28 06:10:21,1/95,
106,マザーズバッグ,2019-09-28 06:10:21,2019-09-28 06:10:21,1/95,
107,メッセンジャーバッグ,2019-09-28 06:10:21,2019-09-28 06:10:21,1/95,
108,ビジネスバッグ,2019-09-28 06:10:21,2019-09-28 06:10:21,1/95,
109,旅行用バッグ/キャリーバッグ,2019-09-28 06:10:21,2019-09-28 06:10:21,1/95,
110,ショップ袋,2019-09-28 06:10:21,2019-09-28 06:10:21,1/95,
111,和装用バッグ,2019-09-28 06:10:21,2019-09-28 06:10:21,1/95,
112,かごバッグ,2019-09-28 06:10:21,2019-09-28 06:10:21,1/95,
113,その他,2019-09-28 06:10:21,2019-09-28 06:10:21,1/95,
114,アクセサリー,2019-09-28 06:10:21,2019-09-28 06:10:21,1,
115,ネックレス,2019-09-28 06:10:21,2019-09-28 06:10:21,1/114,
116,ブレスレット,2019-09-28 06:10:21,2019-09-28 06:10:21,1/114,
117,バングル/リストバンド,2019-09-28 06:10:21,2019-09-28 06:10:21,1/114,
118,リング,2019-09-28 06:10:21,2019-09-28 06:10:21,1/114,
119,ピアス(片耳用),2019-09-28 06:10:21,2019-09-28 06:10:21,1/114,
120,ピアス(両耳用),2019-09-28 06:10:21,2019-09-28 06:10:21,1/114,
121,イヤリング,2019-09-28 06:10:21,2019-09-28 06:10:21,1/114,
122,アンクレット,2019-09-28 06:10:21,2019-09-28 06:10:21,1/114,
123,ブローチ/コサージュ,2019-09-28 06:10:21,2019-09-28 06:10:21,1/114,
124,チャーム,2019-09-28 06:10:21,2019-09-28 06:10:21,1/114,
125,その他,2019-09-28 06:10:21,2019-09-28 06:10:21,1/114,
126,ヘアアクセサリー,2019-09-28 06:10:21,2019-09-28 06:10:21,1,
127,ヘアゴム/シュシュ,2019-09-28 06:10:21,2019-09-28 06:10:21,1/126,
128,ヘアバンド/カチューシャ,2019-09-28 06:10:21,2019-09-28 06:10:21,1/126,
129,ヘアピン,2019-09-28 06:10:21,2019-09-28 06:10:21,1/126,
130,その他,2019-09-28 06:10:21,2019-09-28 06:10:21,1/126,
131,小物,2019-09-28 06:10:21,2019-09-28 06:10:21,1,
132,長財布,2019-09-28 06:10:21,2019-09-28 06:10:21,1/131,
133,折り財布,2019-09-28 06:10:21,2019-09-28 06:10:21,1/131,
134,コインケース/小銭入れ,2019-09-28 06:10:21,2019-09-28 06:10:21,1/131,
135,名刺入れ/定期入れ,2019-09-28 06:10:21,2019-09-28 06:10:21,1/131,
136,キーケース,2019-09-28 06:10:21,2019-09-28 06:10:21,1/131,
137,キーホルダー,2019-09-28 06:10:21,2019-09-28 06:10:21,1/131,
138,手袋/アームカバー,2019-09-28 06:10:21,2019-09-28 06:10:21,1/131,
139,ハンカチ,2019-09-28 06:10:21,2019-09-28 06:10:21,1/131,
140,ベルト,2019-09-28 06:10:21,2019-09-28 06:10:21,1/131,
141,マフラー/ショール,2019-09-28 06:10:21,2019-09-28 06:10:21,1/131,
142,ストール/スヌード,2019-09-28 06:10:21,2019-09-28 06:10:21,1/131,
143,バンダナ/スカーフ,2019-09-28 06:10:21,2019-09-28 06:10:21,1/131,
144,ネックウォーマー,2019-09-28 06:10:21,2019-09-28 06:10:21,1/131,
145,サスペンダー,2019-09-28 06:10:21,2019-09-28 06:10:21,1/131,
146,サングラス/メガネ,2019-09-28 06:10:21,2019-09-28 06:10:21,1/131,
147,モバイルケース/カバー,2019-09-28 06:10:21,2019-09-28 06:10:21,1/131,
148,手帳,2019-09-28 06:10:21,2019-09-28 06:10:21,1/131,
149,イヤマフラー,2019-09-28 06:10:21,2019-09-28 06:10:21,1/131,
150,傘,2019-09-28 06:10:21,2019-09-28 06:10:21,1/131,
151,レインコート/ポンチョ,2019-09-28 06:10:21,2019-09-28 06:10:21,1/131,
152,ミラー,2019-09-28 06:10:21,2019-09-28 06:10:21,1/131,
153,タバコグッズ,2019-09-28 06:10:21,2019-09-28 06:10:21,1/131,
154,その他,2019-09-28 06:10:21,2019-09-28 06:10:21,1/131,
155,時計,2019-09-28 06:10:21,2019-09-28 06:10:21,1,
156,腕時計(アナログ),2019-09-28 06:10:21,2019-09-28 06:10:21,1/155,
157,腕時計(デジタル),2019-09-28 06:10:21,2019-09-28 06:10:21,1/155,
158,ラバーベルト,2019-09-28 06:10:21,2019-09-28 06:10:21,1/155,
159,レザーベルト,2019-09-28 06:10:21,2019-09-28 06:10:21,1/155,
160,金属ベルト,2019-09-28 06:10:21,2019-09-28 06:10:21,1/155,
161,その他,2019-09-28 06:10:21,2019-09-28 06:10:21,1/155,
162,ウィッグ/エクステ,2019-09-28 06:10:21,2019-09-28 06:10:21,1,
163,前髪ウィッグ,2019-09-28 06:10:21,2019-09-28 06:10:21,1/162,
164,ロングストレート,2019-09-28 06:10:21,2019-09-28 06:10:21,1/162,
165,ロングカール,2019-09-28 06:10:21,2019-09-28 06:10:21,1/162,
166,ショートストレート,2019-09-28 06:10:21,2019-09-28 06:10:21,1/162,
167,ショートカール,2019-09-28 06:10:21,2019-09-28 06:10:21,1/162,
168,その他,2019-09-28 06:10:21,2019-09-28 06:10:21,1/162,
169,浴衣/水着,2019-09-28 06:10:21,2019-09-28 06:10:21,1,
170,浴衣,2019-09-28 06:10:21,2019-09-28 06:10:21,1/169,
171,着物,2019-09-28 06:10:21,2019-09-28 06:10:21,1/169,
172,振袖,2019-09-28 06:10:21,2019-09-28 06:10:21,1/169,
173,長襦袢/半襦袢,2019-09-28 06:10:21,2019-09-28 06:10:21,1/169,
174,水着セパレート,2019-09-28 06:10:21,2019-09-28 06:10:21,1/169,1
175,水着ワンピース,2019-09-28 06:10:21,2019-09-28 06:10:21,1/169,1
176,水着スポーツ用,2019-09-28 06:10:21,2019-09-28 06:10:21,1/169,1
177,その他,2019-09-28 06:10:21,2019-09-28 06:10:21,1/169,
178,スーツ/フォーマル/ドレス,2019-09-28 06:10:21,2019-09-28 06:10:21,1,
179,スカートスーツ上下,2019-09-28 06:10:21,2019-09-28 06:10:21,1/178,1
180,パンツスーツ上下,2019-09-28 06:10:21,2019-09-28 06:10:21,1/178,1
181,ドレス,2019-09-28 06:10:21,2019-09-28 06:10:21,1/178,1
182,パーティーバッグ,2019-09-28 06:10:21,2019-09-28 06:10:21,1/178,
183,シューズ,2019-09-28 06:10:21,2019-09-28 06:10:21,1/178,29
184,ウェディング,2019-09-28 06:10:21,2019-09-28 06:10:21,1/178,
185,その他,2019-09-28 06:10:21,2019-09-28 06:10:21,1/178,
186,マタニティ,2019-09-28 06:10:21,2019-09-28 06:10:21,1,1
187,トップス,2019-09-28 06:10:21,2019-09-28 06:10:21,1/186,1
188,アウター,2019-09-28 06:10:21,2019-09-28 06:10:21,1/186,1
189,インナー,2019-09-28 06:10:21,2019-09-28 06:10:21,1/186,1
190,ワンピース,2019-09-28 06:10:21,2019-09-28 06:10:21,1/186,1
191,パンツ/スパッツ,2019-09-28 06:10:21,2019-09-28 06:10:21,1/186,1
192,スカート,2019-09-28 06:10:21,2019-09-28 06:10:21,1/186,1
193,パジャマ,2019-09-28 06:10:21,2019-09-28 06:10:21,1/186,1
194,授乳服,2019-09-28 06:10:21,2019-09-28 06:10:21,1/186,1
195,その他,2019-09-28 06:10:21,2019-09-28 06:10:21,1/186,1
196,その他,2019-09-28 06:10:21,2019-09-28 06:10:21,1,
197,コスプレ,2019-09-28 06:10:21,2019-09-28 06:10:21,1/196,
198,下着,2019-09-28 06:10:21,2019-09-28 06:10:21,1/196,
199,その他,2019-09-28 06:10:21,2019-09-28 06:10:21,1/196,
200,メンズ,2019-09-28 06:10:21,2019-09-28 06:10:21,,
201,トップス,2019-09-28 06:10:21,2019-09-28 06:10:21,200,1
202,Tシャツ/カットソー(半袖/袖なし),2019-09-28 06:10:21,2019-09-28 06:10:21,200/201,1
203,Tシャツ/カットソー(七分/長袖),2019-09-28 06:10:21,2019-09-28 06:10:21,200/201,1
204,シャツ,2019-09-28 06:10:21,2019-09-28 06:10:21,200/201,1
205,ポロシャツ,2019-09-28 06:10:21,2019-09-28 06:10:21,200/201,1
206,タンクトップ,2019-09-28 06:10:21,2019-09-28 06:10:21,200/201,1
207,ニット/セーター,2019-09-28 06:10:21,2019-09-28 06:10:21,200/201,1
208,パーカー,2019-09-28 06:10:21,2019-09-28 06:10:21,200/201,1
209,カーディガン,2019-09-28 06:10:21,2019-09-28 06:10:21,200/201,1
210,スウェット,2019-09-28 06:10:21,2019-09-28 06:10:21,200/201,1
211,ジャージ,2019-09-28 06:10:21,2019-09-28 06:10:21,200/201,1
212,ベスト,2019-09-28 06:10:21,2019-09-28 06:10:21,200/201,1
213,その他,2019-09-28 06:10:21,2019-09-28 06:10:21,200/201,1
214,ジャケット/アウター,2019-09-28 06:10:21,2019-09-28 06:10:21,200,1
215,テーラードジャケット,2019-09-28 06:10:21,2019-09-28 06:10:21,200/214,1
216,ノーカラージャケット,2019-09-28 06:10:21,2019-09-28 06:10:21,200/214,1
217,Gジャン/デニムジャケット,2019-09-28 06:10:21,2019-09-28 06:10:21,200/214,1
218,レザージャケット,2019-09-28 06:10:21,2019-09-28 06:10:21,200/214,1
219,ダウンジャケット,2019-09-28 06:10:21,2019-09-28 06:10:21,200/214,1
220,ライダースジャケット,2019-09-28 06:10:21,2019-09-28 06:10:21,200/214,1
221,ミリタリージャケット,2019-09-28 06:10:21,2019-09-28 06:10:21,200/214,1
222,ナイロンジャケット,2019-09-28 06:10:21,2019-09-28 06:10:21,200/214,1
223,フライトジャケット,2019-09-28 06:10:21,2019-09-28 06:10:21,200/214,1
224,ダッフルコート,2019-09-28 06:10:21,2019-09-28 06:10:21,200/214,1
225,ピーコート,2019-09-28 06:10:21,2019-09-28 06:10:21,200/214,1
226,ステンカラーコート,2019-09-28 06:10:21,2019-09-28 06:10:21,200/214,1
227,トレンチコート,2019-09-28 06:10:21,2019-09-28 06:10:21,200/214,1
228,モッズコート,2019-09-28 06:10:21,2019-09-28 06:10:21,200/214,1
229,チェスターコート,2019-09-28 06:10:21,2019-09-28 06:10:21,200/214,1
230,スタジャン,2019-09-28 06:10:21,2019-09-28 06:10:21,200/214,1
231,スカジャン,2019-09-28 06:10:21,2019-09-28 06:10:21,200/214,1
232,ブルゾン,2019-09-28 06:10:21,2019-09-28 06:10:21,200/214,1
233,マウンテンパーカー,2019-09-28 06:10:21,2019-09-28 06:10:21,200/214,1
234,ダウンベスト,2019-09-28 06:10:21,2019-09-28 06:10:21,200/214,1
235,ポンチョ,2019-09-28 06:10:21,2019-09-28 06:10:21,200/214,1
236,カバーオール,2019-09-28 06:10:21,2019-09-28 06:10:21,200/214,1
237,その他,2019-09-28 06:10:21,2019-09-28 06:10:21,200/214,1
238,パンツ,2019-09-28 06:10:21,2019-09-28 06:10:21,200,1
239,デニム/ジーンズ,2019-09-28 06:10:21,2019-09-28 06:10:21,200/238,1
240,ワークパンツ/カーゴパンツ,2019-09-28 06:10:21,2019-09-28 06:10:21,200/238,1
241,スラックス,2019-09-28 06:10:21,2019-09-28 06:10:21,200/238,1
242,チノパン,2019-09-28 06:10:21,2019-09-28 06:10:21,200/238,1
243,ショートパンツ,2019-09-28 06:10:21,2019-09-28 06:10:21,200/238,1
244,ペインターパンツ,2019-09-28 06:10:21,2019-09-28 06:10:21,200/238,1
245,サルエルパンツ,2019-09-28 06:10:21,2019-09-28 06:10:21,200/238,1
246,オーバーオール,2019-09-28 06:10:21,2019-09-28 06:10:21,200/238,1
247,その他,2019-09-28 06:10:21,2019-09-28 06:10:21,200/238,1
248,靴,2019-09-28 06:10:21,2019-09-28 06:10:21,200,11
249,スニーカー,2019-09-28 06:10:21,2019-09-28 06:10:21,200/248,11
250,サンダル,2019-09-28 06:10:21,2019-09-28 06:10:21,200/248,11
251,ブーツ,2019-09-28 06:10:21,2019-09-28 06:10:21,200/248,11
252,モカシン,2019-09-28 06:10:21,2019-09-28 06:10:21,200/248,11
253,ドレス/ビジネス,2019-09-28 06:10:21,2019-09-28 06:10:21,200/248,11
254,長靴/レインシューズ,2019-09-28 06:10:21,2019-09-28 06:10:21,200/248,11
255,デッキシューズ,2019-09-28 06:10:21,2019-09-28 06:10:21,200/248,11
256,その他,2019-09-28 06:10:21,2019-09-28 06:10:21,200/248,11
257,バッグ,2019-09-28 06:10:21,2019-09-28 06:10:21,200,
258,ショルダーバッグ,2019-09-28 06:10:21,2019-09-28 06:10:21,200/257,
259,トートバッグ,2019-09-28 06:10:21,2019-09-28 06:10:21,200/257,
260,ボストンバッグ,2019-09-28 06:10:21,2019-09-28 06:10:21,200/257,
261,リュック/バックパック,2019-09-28 06:10:21,2019-09-28 06:10:21,200/257,
262,ウエストポーチ,2019-09-28 06:10:21,2019-09-28 06:10:21,200/257,
263,ボディーバッグ,2019-09-28 06:10:21,2019-09-28 06:10:21,200/257,
264,ドラムバッグ,2019-09-28 06:10:21,2019-09-28 06:10:21,200/257,
265,ビジネスバッグ,2019-09-28 06:10:21,2019-09-28 06:10:21,200/257,
266,トラベルバッグ,2019-09-28 06:10:21,2019-09-28 06:10:21,200/257,
267,メッセンジャーバッグ,2019-09-28 06:10:21,2019-09-28 06:10:21,200/257,
268,エコバッグ,2019-09-28 06:10:21,2019-09-28 06:10:21,200/257,
269,その他,2019-09-28 06:10:21,2019-09-28 06:10:21,200/257,
270,スーツ,2019-09-28 06:10:21,2019-09-28 06:10:21,200,1
271,スーツジャケット,2019-09-28 06:10:21,2019-09-28 06:10:21,200/270,1
272,スーツベスト,2019-09-28 06:10:21,2019-09-28 06:10:21,200/270,1
273,スラックス,2019-09-28 06:10:21,2019-09-28 06:10:21,200/270,1
274,セットアップ,2019-09-28 06:10:21,2019-09-28 06:10:21,200/270,1
275,その他,2019-09-28 06:10:21,2019-09-28 06:10:21,200/270,1
276,帽子,2019-09-28 06:10:21,2019-09-28 06:10:21,200,
277,キャップ,2019-09-28 06:10:21,2019-09-28 06:10:21,200/276,
278,ハット,2019-09-28 06:10:21,2019-09-28 06:10:21,200/276,
279,ニットキャップ/ビーニー,2019-09-28 06:10:21,2019-09-28 06:10:21,200/276,
280,ハンチング/ベレー帽,2019-09-28 06:10:21,2019-09-28 06:10:21,200/276,
281,キャスケット,2019-09-28 06:10:21,2019-09-28 06:10:21,200/276,
282,サンバイザー,2019-09-28 06:10:21,2019-09-28 06:10:21,200/276,
283,その他,2019-09-28 06:10:21,2019-09-28 06:10:21,200/276,
284,アクセサリー,2019-09-28 06:10:21,2019-09-28 06:10:21,200,
285,ネックレス,2019-09-28 06:10:21,2019-09-28 06:10:21,200/284,
286,ブレスレット,2019-09-28 06:10:21,2019-09-28 06:10:21,200/284,
287,バングル/リストバンド,2019-09-28 06:10:21,2019-09-28 06:10:21,200/284,
288,リング,2019-09-28 06:10:21,2019-09-28 06:10:21,200/284,
289,ピアス(片耳用),2019-09-28 06:10:21,2019-09-28 06:10:21,200/284,
290,ピアス(両耳用),2019-09-28 06:10:21,2019-09-28 06:10:21,200/284,
291,アンクレット,2019-09-28 06:10:21,2019-09-28 06:10:21,200/284,
292,その他,2019-09-28 06:10:21,2019-09-28 06:10:21,200/284,
293,小物,2019-09-28 06:10:21,2019-09-28 06:10:21,200,
294,長財布,2019-09-28 06:10:21,2019-09-28 06:10:21,200/293,
295,折り財布,2019-09-28 06:10:21,2019-09-28 06:10:21,200/293,
296,マネークリップ,2019-09-28 06:10:21,2019-09-28 06:10:21,200/293,
297,コインケース/小銭入れ,2019-09-28 06:10:21,2019-09-28 06:10:21,200/293,
298,名刺入れ/定期入れ,2019-09-28 06:10:21,2019-09-28 06:10:21,200/293,
299,キーケース,2019-09-28 06:10:21,2019-09-28 06:10:21,200/293,
300,キーホルダー,2019-09-28 06:10:21,2019-09-28 06:10:21,200/293,
301,ネクタイ,2019-09-28 06:10:21,2019-09-28 06:10:21,200/293,
302,手袋,2019-09-28 06:10:21,2019-09-28 06:10:21,200/293,
303,ハンカチ,2019-09-28 06:10:21,2019-09-28 06:10:21,200/293,
304,ベルト,2019-09-28 06:10:21,2019-09-28 06:10:21,200/293,
305,マフラー,2019-09-28 06:10:21,2019-09-28 06:10:21,200/293,
306,ストール,2019-09-28 06:10:21,2019-09-28 06:10:21,200/293,
307,バンダナ,2019-09-28 06:10:21,2019-09-28 06:10:21,200/293,
308,ネックウォーマー,2019-09-28 06:10:21,2019-09-28 06:10:21,200/293,
309,サスペンダー,2019-09-28 06:10:21,2019-09-28 06:10:21,200/293,
310,ウォレットチェーン,2019-09-28 06:10:21,2019-09-28 06:10:21,200/293,
311,サングラス/メガネ,2019-09-28 06:10:21,2019-09-28 06:10:21,200/293,
312,モバイルケース/カバー,2019-09-28 06:10:21,2019-09-28 06:10:21,200/293,
313,手帳,2019-09-28 06:10:21,2019-09-28 06:10:21,200/293,
314,ストラップ,2019-09-28 06:10:21,2019-09-28 06:10:21,200/293,
315,ネクタイピン,2019-09-28 06:10:21,2019-09-28 06:10:21,200/293,
316,カフリンクス,2019-09-28 06:10:21,2019-09-28 06:10:21,200/293,
317,イヤマフラー,2019-09-28 06:10:21,2019-09-28 06:10:21,200/293,
318,傘,2019-09-28 06:10:21,2019-09-28 06:10:21,200/293,
319,レインコート,2019-09-28 06:10:21,2019-09-28 06:10:21,200/293,
320,ミラー,2019-09-28 06:10:21,2019-09-28 06:10:21,200/293,
321,タバコグッズ,2019-09-28 06:10:21,2019-09-28 06:10:21,200/293,
322,その他,2019-09-28 06:10:21,2019-09-28 06:10:21,200/293,
323,時計,2019-09-28 06:10:21,2019-09-28 06:10:21,200,
324,腕時計(アナログ),2019-09-28 06:10:21,2019-09-28 06:10:21,200/323,
325,腕時計(デジタル),2019-09-28 06:10:21,2019-09-28 06:10:21,200/323,
326,ラバーベルト,2019-09-28 06:10:21,2019-09-28 06:10:21,200/323,
327,レザーベルト,2019-09-28 06:10:21,2019-09-28 06:10:21,200/323,
328,金属ベルト,2019-09-28 06:10:21,2019-09-28 06:10:21,200/323,
329,その他,2019-09-28 06:10:21,2019-09-28 06:10:21,200/323,
330,水着,2019-09-28 06:10:21,2019-09-28 06:10:21,200,1
331,一般水着,2019-09-28 06:10:21,2019-09-28 06:10:21,200/330,2
332,スポーツ用,2019-09-28 06:10:21,2019-09-28 06:10:21,200/330,3
333,アクセサリー,2019-09-28 06:10:21,2019-09-28 06:10:21,200/330,4
334,その他,2019-09-28 06:10:21,2019-09-28 06:10:21,200/330,5
335,レッグウェア,2019-09-28 06:10:21,2019-09-28 06:10:21,200,
336,ソックス,2019-09-28 06:10:21,2019-09-28 06:10:21,200/335,
337,レギンス/スパッツ,2019-09-28 06:10:21,2019-09-28 06:10:21,200/335,
338,レッグウォーマー,2019-09-28 06:10:21,2019-09-28 06:10:21,200/335,
339,その他,2019-09-28 06:10:21,2019-09-28 06:10:21,200/335,
340,アンダーウェア,2019-09-28 06:10:21,2019-09-28 06:10:21,200,
341,トランクス,2019-09-28 06:10:21,2019-09-28 06:10:21,200/340,1
342,ボクサーパンツ,2019-09-28 06:10:21,2019-09-28 06:10:21,200/340,1
343,その他,2019-09-28 06:10:21,2019-09-28 06:10:21,200/340,1
344,その他,2019-09-28 06:10:21,2019-09-28 06:10:21,200,
345,ベビー・キッズ,2019-09-28 06:10:21,2019-09-28 06:10:21,,
346,ベビー服(女の子用)  ~95cm,2019-09-28 06:10:21,2019-09-28 06:10:21,345,69
347,トップス,2019-09-28 06:10:21,2019-09-28 06:10:21,345/346,69
348,アウター,2019-09-28 06:10:21,2019-09-28 06:10:21,345/346,69
349,パンツ,2019-09-28 06:10:21,2019-09-28 06:10:21,345/346,69
350,スカート,2019-09-28 06:10:21,2019-09-28 06:10:21,345/346,69
351,ワンピース,2019-09-28 06:10:21,2019-09-28 06:10:21,345/346,69
352,ベビードレス,2019-09-28 06:10:21,2019-09-28 06:10:21,345/346,69
353,おくるみ,2019-09-28 06:10:21,2019-09-28 06:10:21,345/346,69
354,下着/肌着,2019-09-28 06:10:21,2019-09-28 06:10:21,345/346,69
355,パジャマ,2019-09-28 06:10:21,2019-09-28 06:10:21,345/346,69
356,ロンパース,2019-09-28 06:10:21,2019-09-28 06:10:21,345/346,69
357,その他,2019-09-28 06:10:21,2019-09-28 06:10:21,345/346,69
358,ベビー服(男の子用)  ~95cm,2019-09-28 06:10:21,2019-09-28 06:10:21,345,69
359,トップス,2019-09-28 06:10:21,2019-09-28 06:10:21,345/358,69
360,アウター,2019-09-28 06:10:21,2019-09-28 06:10:21,345/358,69
361,パンツ,2019-09-28 06:10:21,2019-09-28 06:10:21,345/358,69
362,おくるみ,2019-09-28 06:10:21,2019-09-28 06:10:21,345/358,69
363,下着/肌着,2019-09-28 06:10:21,2019-09-28 06:10:21,345/358,69
364,パジャマ,2019-09-28 06:10:21,2019-09-28 06:10:21,345/358,69
365,ロンパース,2019-09-28 06:10:21,2019-09-28 06:10:21,345/358,69
366,その他,2019-09-28 06:10:21,2019-09-28 06:10:21,345/358,69
367,ベビー服(男女兼用)  ~95cm,2019-09-28 06:10:21,2019-09-28 06:10:21,345,69
368,トップス,2019-09-28 06:10:21,2019-09-28 06:10:21,345/367,69
369,アウター,2019-09-28 06:10:21,2019-09-28 06:10:21,345/367,69
370,パンツ,2019-09-28 06:10:21,2019-09-28 06:10:21,345/367,69
371,おくるみ,2019-09-28 06:10:21,2019-09-28 06:10:21,345/367,69
372,下着/肌着,2019-09-28 06:10:21,2019-09-28 06:10:21,345/367,69
373,パジャマ,2019-09-28 06:10:21,2019-09-28 06:10:21,345/367,69
374,ロンパース,2019-09-28 06:10:21,2019-09-28 06:10:21,345/367,69
375,その他,2019-09-28 06:10:22,2019-09-28 06:10:22,345/367,69
376,キッズ服(女の子用) 100cm~,2019-09-28 06:10:22,2019-09-28 06:10:22,345,52
377,コート,2019-09-28 06:10:22,2019-09-28 06:10:22,345/376,52
378,ジャケット/上着,2019-09-28 06:10:22,2019-09-28 06:10:22,345/376,52
379,トップス(Tシャツ/カットソー),2019-09-28 06:10:22,2019-09-28 06:10:22,345/376,52
380,トップス(トレーナー),2019-09-28 06:10:22,2019-09-28 06:10:22,345/376,52
381,トップス(チュニック),2019-09-28 06:10:22,2019-09-28 06:10:22,345/376,52
382,トップス(タンクトップ),2019-09-28 06:10:22,2019-09-28 06:10:22,345/376,52
383,トップス(その他),2019-09-28 06:10:22,2019-09-28 06:10:22,345/376,52
384,スカート,2019-09-28 06:10:22,2019-09-28 06:10:22,345/376,52
385,パンツ,2019-09-28 06:10:22,2019-09-28 06:10:22,345/376,52
386,ワンピース,2019-09-28 06:10:22,2019-09-28 06:10:22,345/376,52
387,セットアップ,2019-09-28 06:10:22,2019-09-28 06:10:22,345/376,52
388,パジャマ,2019-09-28 06:10:22,2019-09-28 06:10:22,345/376,52
389,フォーマル/ドレス,2019-09-28 06:10:22,2019-09-28 06:10:22,345/376,52
390,和服,2019-09-28 06:10:22,2019-09-28 06:10:22,345/376,52
391,浴衣,2019-09-28 06:10:22,2019-09-28 06:10:22,345/376,52
392,甚平,2019-09-28 06:10:22,2019-09-28 06:10:22,345/376,52
393,水着,2019-09-28 06:10:22,2019-09-28 06:10:22,345/376,52
394,その他,2019-09-28 06:10:22,2019-09-28 06:10:22,345/376,52
395,キッズ服(男の子用) 100cm~,2019-09-28 06:10:22,2019-09-28 06:10:22,345,52
396,コート,2019-09-28 06:10:22,2019-09-28 06:10:22,345/395,52
397,ジャケット/上着,2019-09-28 06:10:22,2019-09-28 06:10:22,345/395,52
398,トップス(Tシャツ/カットソー),2019-09-28 06:10:22,2019-09-28 06:10:22,345/395,52
399,トップス(トレーナー),2019-09-28 06:10:22,2019-09-28 06:10:22,345/395,52
400,トップス(その他),2019-09-28 06:10:22,2019-09-28 06:10:22,345/395,52
401,パンツ,2019-09-28 06:10:22,2019-09-28 06:10:22,345/395,52
402,セットアップ,2019-09-28 06:10:22,2019-09-28 06:10:22,345/395,52
403,パジャマ,2019-09-28 06:10:22,2019-09-28 06:10:22,345/395,52
404,フォーマル/ドレス,2019-09-28 06:10:22,2019-09-28 06:10:22,345/395,52
405,和服,2019-09-28 06:10:22,2019-09-28 06:10:22,345/395,52
406,浴衣,2019-09-28 06:10:22,2019-09-28 06:10:22,345/395,52
407,甚平,2019-09-28 06:10:22,2019-09-28 06:10:22,345/395,52
408,水着,2019-09-28 06:10:22,2019-09-28 06:10:22,345/395,52
409,その他,2019-09-28 06:10:22,2019-09-28 06:10:22,345/395,52
410,キッズ服(男女兼用) 100cm~,2019-09-28 06:10:22,2019-09-28 06:10:22,345,52
411,コート,2019-09-28 06:10:22,2019-09-28 06:10:22,345/410,52
412,ジャケット/上着,2019-09-28 06:10:22,2019-09-28 06:10:22,345/410,52
413,トップス(Tシャツ/カットソー),2019-09-28 06:10:22,2019-09-28 06:10:22,345/410,52
414,トップス(トレーナー),2019-09-28 06:10:22,2019-09-28 06:10:22,345/410,52
415,トップス(その他),2019-09-28 06:10:22,2019-09-28 06:10:22,345/410,52
416,ボトムス,2019-09-28 06:10:22,2019-09-28 06:10:22,345/410,52
417,パジャマ,2019-09-28 06:10:22,2019-09-28 06:10:22,345/410,52
418,その他,2019-09-28 06:10:22,2019-09-28 06:10:22,345/410,52
419,キッズ靴,2019-09-28 06:10:22,2019-09-28 06:10:22,345,60
420,スニーカー,2019-09-28 06:10:22,2019-09-28 06:10:22,345/419,60
421,サンダル,2019-09-28 06:10:22,2019-09-28 06:10:22,345/419,60
422,ブーツ,2019-09-28 06:10:22,2019-09-28 06:10:22,345/419,60
423,長靴,2019-09-28 06:10:22,2019-09-28 06:10:22,345/419,60
424,その他,2019-09-28 06:10:22,2019-09-28 06:10:22,345/419,60
425,子ども用ファッション小物,2019-09-28 06:10:22,2019-09-28 06:10:22,345,
426,靴下/スパッツ,2019-09-28 06:10:22,2019-09-28 06:10:22,345/425,
427,帽子,2019-09-28 06:10:22,2019-09-28 06:10:22,345/425,
428,エプロン,2019-09-28 06:10:22,2019-09-28 06:10:22,345/425,
429,サスペンダー,2019-09-28 06:10:22,2019-09-28 06:10:22,345/425,
430,タイツ,2019-09-28 06:10:22,2019-09-28 06:10:22,345/425,
431,ハンカチ,2019-09-28 06:10:22,2019-09-28 06:10:22,345/425,
432,バンダナ,2019-09-28 06:10:22,2019-09-28 06:10:22,345/425,
433,ベルト,2019-09-28 06:10:22,2019-09-28 06:10:22,345/425,
434,マフラー,2019-09-28 06:10:22,2019-09-28 06:10:22,345/425,
435,傘,2019-09-28 06:10:22,2019-09-28 06:10:22,345/425,
436,手袋,2019-09-28 06:10:22,2019-09-28 06:10:22,345/425,
437,スタイ,2019-09-28 06:10:22,2019-09-28 06:10:22,345/425,
438,バッグ,2019-09-28 06:10:22,2019-09-28 06:10:22,345/425,
439,その他,2019-09-28 06:10:22,2019-09-28 06:10:22,345/425,
440,おむつ/トイレ/バス,2019-09-28 06:10:22,2019-09-28 06:10:22,345,
441,おむつ用品,2019-09-28 06:10:22,2019-09-28 06:10:22,345/440,
442,おまる/補助便座,2019-09-28 06:10:22,2019-09-28 06:10:22,345/440,
443,トレーニングパンツ,2019-09-28 06:10:22,2019-09-28 06:10:22,345/440,
444,ベビーバス,2019-09-28 06:10:22,2019-09-28 06:10:22,345/440,
445,お風呂用品,2019-09-28 06:10:22,2019-09-28 06:10:22,345/440,
446,その他,2019-09-28 06:10:22,2019-09-28 06:10:22,345/440,
447,外出/移動用品,2019-09-28 06:10:22,2019-09-28 06:10:22,345,
448,ベビーカー,2019-09-28 06:10:22,2019-09-28 06:10:22,345/447,
449,抱っこひも/スリング,2019-09-28 06:10:22,2019-09-28 06:10:22,345/447,
450,チャイルドシート,2019-09-28 06:10:22,2019-09-28 06:10:22,345/447,
451,その他,2019-09-28 06:10:22,2019-09-28 06:10:22,345/447,
452,授乳/食事,2019-09-28 06:10:22,2019-09-28 06:10:22,345,
453,ミルク,2019-09-28 06:10:22,2019-09-28 06:10:22,345/452,
454,ベビーフード,2019-09-28 06:10:22,2019-09-28 06:10:22,345/452,
455,ベビー用食器,2019-09-28 06:10:22,2019-09-28 06:10:22,345/452,
456,その他,2019-09-28 06:10:22,2019-09-28 06:10:22,345/452,
457,ベビー家具/寝具/室内用品,2019-09-28 06:10:22,2019-09-28 06:10:22,345,
458,ベッド,2019-09-28 06:10:22,2019-09-28 06:10:22,345/457,
459,布団/毛布,2019-09-28 06:10:22,2019-09-28 06:10:22,345/457,
460,イス,2019-09-28 06:10:22,2019-09-28 06:10:22,345/457,
461,たんす,2019-09-28 06:10:22,2019-09-28 06:10:22,345/457,
462,その他,2019-09-28 06:10:22,2019-09-28 06:10:22,345/457,
463,おもちゃ,2019-09-28 06:10:22,2019-09-28 06:10:22,345,
464,おふろのおもちゃ,2019-09-28 06:10:22,2019-09-28 06:10:22,345/463,
465,がらがら,2019-09-28 06:10:22,2019-09-28 06:10:22,345/463,
466,オルゴール,2019-09-28 06:10:22,2019-09-28 06:10:22,345/463,
467,ベビージム,2019-09-28 06:10:22,2019-09-28 06:10:22,345/463,
468,手押し車/カタカタ,2019-09-28 06:10:22,2019-09-28 06:10:22,345/463,
469,知育玩具,2019-09-28 06:10:22,2019-09-28 06:10:22,345/463,
470,その他,2019-09-28 06:10:22,2019-09-28 06:10:22,345/463,
471,行事/記念品,2019-09-28 06:10:22,2019-09-28 06:10:22,345,
472,お宮参り用品,2019-09-28 06:10:22,2019-09-28 06:10:22,345/471,
473,お食い初め用品,2019-09-28 06:10:22,2019-09-28 06:10:22,345/471,
474,アルバム,2019-09-28 06:10:22,2019-09-28 06:10:22,345/471,
475,手形/足形,2019-09-28 06:10:22,2019-09-28 06:10:22,345/471,
476,その他,2019-09-28 06:10:22,2019-09-28 06:10:22,345/471,
477,その他,2019-09-28 06:10:22,2019-09-28 06:10:22,345,
478,母子手帳用品,2019-09-28 06:10:22,2019-09-28 06:10:22,345/477,
479,その他,2019-09-28 06:10:22,2019-09-28 06:10:22,345/477,
480,インテリア・住まい・小物,2019-09-28 06:10:22,2019-09-28 06:10:22,,
481,キッチン/食器,2019-09-28 06:10:22,2019-09-28 06:10:22,480,
482,食器,2019-09-28 06:10:22,2019-09-28 06:10:22,480/481,
483,調理器具,2019-09-28 06:10:22,2019-09-28 06:10:22,480/481,
484,収納/キッチン雑貨,2019-09-28 06:10:22,2019-09-28 06:10:22,480/481,
485,弁当用品,2019-09-28 06:10:22,2019-09-28 06:10:22,480/481,
486,カトラリー(スプーン等),2019-09-28 06:10:22,2019-09-28 06:10:22,480/481,
487,テーブル用品,2019-09-28 06:10:22,2019-09-28 06:10:22,480/481,
488,容器,2019-09-28 06:10:22,2019-09-28 06:10:22,480/481,
489,エプロン,2019-09-28 06:10:22,2019-09-28 06:10:22,480/481,
490,アルコールグッズ,2019-09-28 06:10:22,2019-09-28 06:10:22,480/481,
491,浄水機,2019-09-28 06:10:22,2019-09-28 06:10:22,480/481,
492,その他,2019-09-28 06:10:22,2019-09-28 06:10:22,480/481,
493,ベッド/マットレス,2019-09-28 06:10:22,2019-09-28 06:10:22,480,
494,セミシングルベッド,2019-09-28 06:10:22,2019-09-28 06:10:22,480/493,
495,シングルベッド,2019-09-28 06:10:22,2019-09-28 06:10:22,480/493,
496,セミダブルベッド,2019-09-28 06:10:22,2019-09-28 06:10:22,480/493,
497,ダブルベッド,2019-09-28 06:10:22,2019-09-28 06:10:22,480/493,
498,ワイドダブルベッド,2019-09-28 06:10:22,2019-09-28 06:10:22,480/493,
499,クイーンベッド,2019-09-28 06:10:22,2019-09-28 06:10:22,480/493,
500,キングベッド,2019-09-28 06:10:22,2019-09-28 06:10:22,480/493,
501,脚付きマットレスベッド,2019-09-28 06:10:22,2019-09-28 06:10:22,480/493,
502,マットレス,2019-09-28 06:10:22,2019-09-28 06:10:22,480/493,
503,すのこベッド,2019-09-28 06:10:22,2019-09-28 06:10:22,480/493,
504,ロフトベッド/システムベッド,2019-09-28 06:10:22,2019-09-28 06:10:22,480/493,
505,簡易ベッド/折りたたみベッド,2019-09-28 06:10:22,2019-09-28 06:10:22,480/493,
506,収納付き,2019-09-28 06:10:22,2019-09-28 06:10:22,480/493,
507,その他,2019-09-28 06:10:22,2019-09-28 06:10:22,480/493,
508,ソファ/ソファベッド,2019-09-28 06:10:22,2019-09-28 06:10:22,480,
509,ソファセット,2019-09-28 06:10:22,2019-09-28 06:10:22,480/508,
510,シングルソファ,2019-09-28 06:10:22,2019-09-28 06:10:22,480/508,
511,ラブソファ,2019-09-28 06:10:22,2019-09-28 06:10:22,480/508,
512,トリプルソファ,2019-09-28 06:10:22,2019-09-28 06:10:22,480/508,
513,オットマン,2019-09-28 06:10:22,2019-09-28 06:10:22,480/508,
514,コーナーソファ,2019-09-28 06:10:22,2019-09-28 06:10:22,480/508,
515,ビーズソファ/クッションソファ,2019-09-28 06:10:22,2019-09-28 06:10:22,480/508,
516,ローソファ/フロアソファ,2019-09-28 06:10:22,2019-09-28 06:10:22,480/508,
517,ソファベッド,2019-09-28 06:10:22,2019-09-28 06:10:22,480/508,
518,応接セット,2019-09-28 06:10:22,2019-09-28 06:10:22,480/508,
519,ソファカバー,2019-09-28 06:10:22,2019-09-28 06:10:22,480/508,
520,リクライニングソファ,2019-09-28 06:10:22,2019-09-28 06:10:22,480/508,
521,その他,2019-09-28 06:10:22,2019-09-28 06:10:22,480/508,
522,椅子/チェア,2019-09-28 06:10:22,2019-09-28 06:10:22,480,
523,一般,2019-09-28 06:10:22,2019-09-28 06:10:22,480/522,
524,スツール,2019-09-28 06:10:22,2019-09-28 06:10:22,480/522,
525,ダイニングチェア,2019-09-28 06:10:22,2019-09-28 06:10:22,480/522,
526,ハイバックチェア,2019-09-28 06:10:22,2019-09-28 06:10:22,480/522,
527,ロッキングチェア,2019-09-28 06:10:22,2019-09-28 06:10:22,480/522,
528,座椅子,2019-09-28 06:10:22,2019-09-28 06:10:22,480/522,
529,折り畳みイス,2019-09-28 06:10:22,2019-09-28 06:10:22,480/522,
530,デスクチェア,2019-09-28 06:10:22,2019-09-28 06:10:22,480/522,
531,その他,2019-09-28 06:10:22,2019-09-28 06:10:22,480/522,
532,机/テーブル,2019-09-28 06:10:22,2019-09-28 06:10:22,480,
533,こたつ,2019-09-28 06:10:22,2019-09-28 06:10:22,480/532,
534,カウンターテーブル,2019-09-28 06:10:22,2019-09-28 06:10:22,480/532,
535,サイドテーブル,2019-09-28 06:10:22,2019-09-28 06:10:22,480/532,
536,センターテーブル,2019-09-28 06:10:22,2019-09-28 06:10:22,480/532,
537,ダイニングテーブル,2019-09-28 06:10:22,2019-09-28 06:10:22,480/532,
538,座卓/ちゃぶ台,2019-09-28 06:10:22,2019-09-28 06:10:22,480/532,
539,アウトドア用,2019-09-28 06:10:22,2019-09-28 06:10:22,480/532,
540,パソコン用,2019-09-28 06:10:22,2019-09-28 06:10:22,480/532,
541,事務机/学習机,2019-09-28 06:10:22,2019-09-28 06:10:22,480/532,
542,その他,2019-09-28 06:10:22,2019-09-28 06:10:22,480/532,
543,収納家具,2019-09-28 06:10:22,2019-09-28 06:10:22,480,
544,リビング収納,2019-09-28 06:10:22,2019-09-28 06:10:22,480/543,
545,キッチン収納,2019-09-28 06:10:22,2019-09-28 06:10:22,480/543,
546,玄関/屋外収納,2019-09-28 06:10:22,2019-09-28 06:10:22,480/543,
547,バス/トイレ収納,2019-09-28 06:10:22,2019-09-28 06:10:22,480/543,
548,本収納,2019-09-28 06:10:22,2019-09-28 06:10:22,480/543,
549,本/CD/DVD収納,2019-09-28 06:10:22,2019-09-28 06:10:22,480/543,
550,洋服タンス/押入れ収納,2019-09-28 06:10:22,2019-09-28 06:10:22,480/543,
551,電話台/ファックス台,2019-09-28 06:10:22,2019-09-28 06:10:22,480/543,
552,ドレッサー/鏡台,2019-09-28 06:10:22,2019-09-28 06:10:22,480/543,
553,棚/ラック,2019-09-28 06:10:22,2019-09-28 06:10:22,480/543,
554,ケース/ボックス,2019-09-28 06:10:22,2019-09-28 06:10:22,480/543,
555,その他,2019-09-28 06:10:22,2019-09-28 06:10:22,480/543,
556,ラグ/カーペット/マット,2019-09-28 06:10:22,2019-09-28 06:10:22,480,
557,ラグ,2019-09-28 06:10:22,2019-09-28 06:10:22,480/556,
558,カーペット,2019-09-28 06:10:22,2019-09-28 06:10:22,480/556,
559,ホットカーペット,2019-09-28 06:10:22,2019-09-28 06:10:22,480/556,
560,玄関/キッチンマット,2019-09-28 06:10:22,2019-09-28 06:10:22,480/556,
561,トイレ/バスマット,2019-09-28 06:10:22,2019-09-28 06:10:22,480/556,
562,その他,2019-09-28 06:10:22,2019-09-28 06:10:22,480/556,
563,カーテン/ブラインド,2019-09-28 06:10:22,2019-09-28 06:10:22,480,
564,カーテン,2019-09-28 06:10:22,2019-09-28 06:10:22,480/563,
565,ブラインド,2019-09-28 06:10:22,2019-09-28 06:10:22,480/563,
566,ロールスクリーン,2019-09-28 06:10:22,2019-09-28 06:10:22,480/563,
567,のれん,2019-09-28 06:10:22,2019-09-28 06:10:22,480/563,
568,その他,2019-09-28 06:10:22,2019-09-28 06:10:22,480/563,
569,ライト/照明,2019-09-28 06:10:22,2019-09-28 06:10:22,480,
570,蛍光灯/電球,2019-09-28 06:10:22,2019-09-28 06:10:22,480/569,
571,天井照明,2019-09-28 06:10:22,2019-09-28 06:10:22,480/569,
572,フロアスタンド,2019-09-28 06:10:22,2019-09-28 06:10:22,480/569,
573,その他,2019-09-28 06:10:22,2019-09-28 06:10:22,480/569,
574,寝具,2019-09-28 06:10:22,2019-09-28 06:10:22,480,
575,布団/毛布,2019-09-28 06:10:22,2019-09-28 06:10:22,480/574,
576,枕,2019-09-28 06:10:22,2019-09-28 06:10:22,480/574,
577,シーツ/カバー,2019-09-28 06:10:22,2019-09-28 06:10:22,480/574,
578,その他,2019-09-28 06:10:22,2019-09-28 06:10:22,480/574,
579,インテリア小物,2019-09-28 06:10:22,2019-09-28 06:10:22,480,
580,ごみ箱,2019-09-28 06:10:22,2019-09-28 06:10:22,480/579,
581,ウェルカムボード,2019-09-28 06:10:22,2019-09-28 06:10:22,480/579,
582,オルゴール,2019-09-28 06:10:22,2019-09-28 06:10:22,480/579,
583,クッション,2019-09-28 06:10:22,2019-09-28 06:10:22,480/579,
584,クッションカバー,2019-09-28 06:10:22,2019-09-28 06:10:22,480/579,
585,スリッパラック,2019-09-28 06:10:22,2019-09-28 06:10:22,480/579,
586,ティッシュボックス,2019-09-28 06:10:22,2019-09-28 06:10:22,480/579,
587,バスケット/かご,2019-09-28 06:10:22,2019-09-28 06:10:22,480/579,
588,フォトフレーム,2019-09-28 06:10:22,2019-09-28 06:10:22,480/579,
589,マガジンラック,2019-09-28 06:10:22,2019-09-28 06:10:22,480/579,
590,モビール,2019-09-28 06:10:22,2019-09-28 06:10:22,480/579,
591,花瓶,2019-09-28 06:10:22,2019-09-28 06:10:22,480/579,
592,灰皿,2019-09-28 06:10:22,2019-09-28 06:10:22,480/579,
593,傘立て,2019-09-28 06:10:22,2019-09-28 06:10:22,480/579,
594,小物入れ,2019-09-28 06:10:22,2019-09-28 06:10:22,480/579,
595,置時計,2019-09-28 06:10:22,2019-09-28 06:10:22,480/579,
596,掛時計/柱時計,2019-09-28 06:10:22,2019-09-28 06:10:22,480/579,
597,鏡(立て掛け式),2019-09-28 06:10:22,2019-09-28 06:10:22,480/579,
598,鏡(壁掛け式),2019-09-28 06:10:22,2019-09-28 06:10:22,480/579,
599,置物,2019-09-28 06:10:22,2019-09-28 06:10:22,480/579,
600,風鈴,2019-09-28 06:10:22,2019-09-28 06:10:22,480/579,
601,植物/観葉植物,2019-09-28 06:10:22,2019-09-28 06:10:22,480/579,
602,その他,2019-09-28 06:10:22,2019-09-28 06:10:22,480/579,
603,季節/年中行事,2019-09-28 06:10:22,2019-09-28 06:10:22,480,
604,正月,2019-09-28 06:10:22,2019-09-28 06:10:22,480/603,
605,成人式,2019-09-28 06:10:22,2019-09-28 06:10:22,480/603,
606,バレンタインデー,2019-09-28 06:10:22,2019-09-28 06:10:22,480/603,
607,ひな祭り,2019-09-28 06:10:22,2019-09-28 06:10:22,480/603,
608,子どもの日,2019-09-28 06:10:22,2019-09-28 06:10:22,480/603,
609,母の日,2019-09-28 06:10:22,2019-09-28 06:10:22,480/603,
610,父の日,2019-09-28 06:10:22,2019-09-28 06:10:22,480/603,
611,サマーギフト/お中元,2019-09-28 06:10:22,2019-09-28 06:10:22,480/603,
612,夏/夏休み,2019-09-28 06:10:22,2019-09-28 06:10:22,480/603,
613,ハロウィン,2019-09-28 06:10:22,2019-09-28 06:10:22,480/603,
614,敬老の日,2019-09-28 06:10:22,2019-09-28 06:10:22,480/603,
615,七五三,2019-09-28 06:10:22,2019-09-28 06:10:22,480/603,
616,お歳暮,2019-09-28 06:10:22,2019-09-28 06:10:22,480/603,
617,クリスマス,2019-09-28 06:10:22,2019-09-28 06:10:22,480/603,
618,冬一般,2019-09-28 06:10:22,2019-09-28 06:10:22,480/603,
619,その他,2019-09-28 06:10:22,2019-09-28 06:10:22,480/603,
620,その他,2019-09-28 06:10:22,2019-09-28 06:10:22,480,
621,本・音楽・ゲーム,2019-09-28 06:10:22,2019-09-28 06:10:22,,
622,本,2019-09-28 06:10:22,2019-09-28 06:10:22,621,
623,文学/小説,2019-09-28 06:10:22,2019-09-28 06:10:22,621/622,
624,人文/社会,2019-09-28 06:10:22,2019-09-28 06:10:22,621/622,
625,ノンフィクション/教養,2019-09-28 06:10:22,2019-09-28 06:10:22,621/622,
626,地図/旅行ガイド,2019-09-28 06:10:22,2019-09-28 06:10:22,621/622,
627,ビジネス/経済,2019-09-28 06:10:22,2019-09-28 06:10:22,621/622,
628,健康/医学,2019-09-28 06:10:22,2019-09-28 06:10:22,621/622,
629,コンピュータ/IT,2019-09-28 06:10:22,2019-09-28 06:10:22,621/622,
630,趣味/スポーツ/実用,2019-09-28 06:10:22,2019-09-28 06:10:22,621/622,
631,住まい/暮らし/子育て,2019-09-28 06:10:22,2019-09-28 06:10:22,621/622,
632,アート/エンタメ,2019-09-28 06:10:22,2019-09-28 06:10:22,621/622,
633,洋書,2019-09-28 06:10:22,2019-09-28 06:10:22,621/622,
634,絵本,2019-09-28 06:10:22,2019-09-28 06:10:22,621/622,
635,参考書,2019-09-28 06:10:22,2019-09-28 06:10:22,621/622,
636,その他,2019-09-28 06:10:22,2019-09-28 06:10:22,621/622,
637,漫画,2019-09-28 06:10:22,2019-09-28 06:10:22,621,
638,全巻セット,2019-09-28 06:10:22,2019-09-28 06:10:22,621/637,
639,少年漫画,2019-09-28 06:10:22,2019-09-28 06:10:22,621/637,
640,少女漫画,2019-09-28 06:10:22,2019-09-28 06:10:22,621/637,
641,青年漫画,2019-09-28 06:10:22,2019-09-28 06:10:22,621/637,
642,女性漫画,2019-09-28 06:10:22,2019-09-28 06:10:22,621/637,
643,同人誌,2019-09-28 06:10:22,2019-09-28 06:10:22,621/637,
644,その他,2019-09-28 06:10:22,2019-09-28 06:10:22,621/637,
645,雑誌,2019-09-28 06:10:22,2019-09-28 06:10:22,621,
646,アート/エンタメ/ホビー,2019-09-28 06:10:22,2019-09-28 06:10:22,621/645,
647,ファッション,2019-09-28 06:10:22,2019-09-28 06:10:22,621/645,
648,ニュース/総合,2019-09-28 06:10:22,2019-09-28 06:10:22,621/645,
649,趣味/スポーツ,2019-09-28 06:10:22,2019-09-28 06:10:22,621/645,
650,その他,2019-09-28 06:10:22,2019-09-28 06:10:22,621/645,
651,CD,2019-09-28 06:10:22,2019-09-28 06:10:22,621,
652,邦楽,2019-09-28 06:10:22,2019-09-28 06:10:22,621/651,
653,洋楽,2019-09-28 06:10:22,2019-09-28 06:10:22,621/651,
654,アニメ,2019-09-28 06:10:22,2019-09-28 06:10:22,621/651,
655,クラシック,2019-09-28 06:10:22,2019-09-28 06:10:22,621/651,
656,K-POP/アジア,2019-09-28 06:10:22,2019-09-28 06:10:22,621/651,
657,キッズ/ファミリー,2019-09-28 06:10:22,2019-09-28 06:10:22,621/651,
658,その他,2019-09-28 06:10:22,2019-09-28 06:10:22,621/651,
659,DVD/ブルーレイ,2019-09-28 06:10:22,2019-09-28 06:10:22,621,
660,外国映画,2019-09-28 06:10:22,2019-09-28 06:10:22,621/659,
661,日本映画,2019-09-28 06:10:22,2019-09-28 06:10:22,621/659,
662,アニメ,2019-09-28 06:10:22,2019-09-28 06:10:22,621/659,
663,TVドラマ,2019-09-28 06:10:22,2019-09-28 06:10:22,621/659,
664,ミュージック,2019-09-28 06:10:22,2019-09-28 06:10:22,621/659,
665,お笑い/バラエティ,2019-09-28 06:10:22,2019-09-28 06:10:22,621/659,
666,スポーツ/フィットネス,2019-09-28 06:10:22,2019-09-28 06:10:22,621/659,
667,キッズ/ファミリー,2019-09-28 06:10:22,2019-09-28 06:10:22,621/659,
668,その他,2019-09-28 06:10:22,2019-09-28 06:10:22,621/659,
669,レコード,2019-09-28 06:10:22,2019-09-28 06:10:22,621,
670,邦楽,2019-09-28 06:10:22,2019-09-28 06:10:22,621/669,
671,洋楽,2019-09-28 06:10:22,2019-09-28 06:10:22,621/669,
672,その他,2019-09-28 06:10:22,2019-09-28 06:10:22,621/669,
673,テレビゲーム,2019-09-28 06:10:22,2019-09-28 06:10:22,621,
674,家庭用ゲーム本体,2019-09-28 06:10:22,2019-09-28 06:10:22,621/673,
675,家庭用ゲームソフト,2019-09-28 06:10:22,2019-09-28 06:10:22,621/673,
676,携帯用ゲーム本体,2019-09-28 06:10:22,2019-09-28 06:10:22,621/673,
677,携帯用ゲームソフト,2019-09-28 06:10:22,2019-09-28 06:10:22,621/673,
678,PCゲーム,2019-09-28 06:10:22,2019-09-28 06:10:22,621/673,
679,その他,2019-09-28 06:10:22,2019-09-28 06:10:22,621/673,
680,おもちゃ・ホビー・グッズ,2019-09-28 06:10:22,2019-09-28 06:10:22,,
681,おもちゃ,2019-09-28 06:10:22,2019-09-28 06:10:22,680,
682,キャラクターグッズ,2019-09-28 06:10:22,2019-09-28 06:10:22,680/681,
683,ぬいぐるみ,2019-09-28 06:10:22,2019-09-28 06:10:22,680/681,
684,小物/アクセサリー,2019-09-28 06:10:22,2019-09-28 06:10:22,680/681,
685,模型/プラモデル,2019-09-28 06:10:22,2019-09-28 06:10:22,680/681,
686,ミニカー,2019-09-28 06:10:22,2019-09-28 06:10:22,680/681,
687,トイラジコン,2019-09-28 06:10:22,2019-09-28 06:10:22,680/681,
688,プラモデル,2019-09-28 06:10:22,2019-09-28 06:10:22,680/681,
689,ホビーラジコン,2019-09-28 06:10:22,2019-09-28 06:10:22,680/681,
690,鉄道模型,2019-09-28 06:10:22,2019-09-28 06:10:22,680/681,
691,その他,2019-09-28 06:10:22,2019-09-28 06:10:22,680/681,
692,タレントグッズ,2019-09-28 06:10:22,2019-09-28 06:10:22,680,
693,アイドル,2019-09-28 06:10:22,2019-09-28 06:10:22,680/692,
694,ミュージシャン,2019-09-28 06:10:22,2019-09-28 06:10:22,680/692,
695,タレント/お笑い芸人,2019-09-28 06:10:22,2019-09-28 06:10:22,680/692,
696,スポーツ選手,2019-09-28 06:10:22,2019-09-28 06:10:22,680/692,
697,その他,2019-09-28 06:10:22,2019-09-28 06:10:22,680/692,
698,コミック/アニメグッズ,2019-09-28 06:10:22,2019-09-28 06:10:22,680,
699,ストラップ,2019-09-28 06:10:22,2019-09-28 06:10:22,680/698,
700,キーホルダー,2019-09-28 06:10:22,2019-09-28 06:10:22,680/698,
701,バッジ,2019-09-28 06:10:22,2019-09-28 06:10:22,680/698,
702,カード,2019-09-28 06:10:22,2019-09-28 06:10:22,680/698,
703,クリアファイル,2019-09-28 06:10:22,2019-09-28 06:10:22,680/698,
704,ポスター,2019-09-28 06:10:22,2019-09-28 06:10:22,680/698,
705,タオル,2019-09-28 06:10:22,2019-09-28 06:10:22,680/698,
706,その他,2019-09-28 06:10:22,2019-09-28 06:10:22,680/698,
707,トレーディングカード,2019-09-28 06:10:22,2019-09-28 06:10:22,680,
708,遊戯王,2019-09-28 06:10:22,2019-09-28 06:10:22,680/707,
709,マジック：ザ・ギャザリング,2019-09-28 06:10:22,2019-09-28 06:10:22,680/707,
710,ポケモンカードゲーム,2019-09-28 06:10:22,2019-09-28 06:10:22,680/707,
711,デュエルマスターズ,2019-09-28 06:10:22,2019-09-28 06:10:22,680/707,
712,バトルスピリッツ,2019-09-28 06:10:22,2019-09-28 06:10:22,680/707,
713,プリパラ,2019-09-28 06:10:22,2019-09-28 06:10:22,680/707,
714,アイカツ,2019-09-28 06:10:22,2019-09-28 06:10:22,680/707,
715,カードファイト!! ヴァンガード,2019-09-28 06:10:22,2019-09-28 06:10:22,680/707,
716,ヴァイスシュヴァルツ,2019-09-28 06:10:22,2019-09-28 06:10:22,680/707,
717,プロ野球オーナーズリーグ,2019-09-28 06:10:22,2019-09-28 06:10:22,680/707,
718,ベースボールヒーローズ,2019-09-28 06:10:22,2019-09-28 06:10:22,680/707,
719,ドラゴンボール,2019-09-28 06:10:22,2019-09-28 06:10:22,680/707,
720,スリーブ,2019-09-28 06:10:22,2019-09-28 06:10:22,680/707,
721,その他,2019-09-28 06:10:22,2019-09-28 06:10:22,680/707,
722,フィギュア,2019-09-28 06:10:22,2019-09-28 06:10:22,680,
723,コミック/アニメ,2019-09-28 06:10:22,2019-09-28 06:10:22,680/722,
724,特撮,2019-09-28 06:10:22,2019-09-28 06:10:22,680/722,
725,ゲームキャラクター,2019-09-28 06:10:22,2019-09-28 06:10:22,680/722,
726,SF/ファンタジー/ホラー,2019-09-28 06:10:22,2019-09-28 06:10:22,680/722,
727,アメコミ,2019-09-28 06:10:22,2019-09-28 06:10:22,680/722,
728,スポーツ,2019-09-28 06:10:22,2019-09-28 06:10:22,680/722,
729,ミリタリー,2019-09-28 06:10:22,2019-09-28 06:10:22,680/722,
730,その他,2019-09-28 06:10:22,2019-09-28 06:10:22,680/722,
731,楽器/器材,2019-09-28 06:10:22,2019-09-28 06:10:22,680,
732,エレキギター,2019-09-28 06:10:22,2019-09-28 06:10:22,680/731,
733,アコースティックギター,2019-09-28 06:10:22,2019-09-28 06:10:22,680/731,
734,ベース,2019-09-28 06:10:22,2019-09-28 06:10:22,680/731,
735,エフェクター,2019-09-28 06:10:22,2019-09-28 06:10:22,680/731,
736,アンプ,2019-09-28 06:10:22,2019-09-28 06:10:22,680/731,
737,弦楽器,2019-09-28 06:10:22,2019-09-28 06:10:22,680/731,
738,管楽器,2019-09-28 06:10:22,2019-09-28 06:10:22,680/731,
739,鍵盤楽器,2019-09-28 06:10:22,2019-09-28 06:10:22,680/731,
740,打楽器,2019-09-28 06:10:22,2019-09-28 06:10:22,680/731,
741,和楽器,2019-09-28 06:10:22,2019-09-28 06:10:22,680/731,
742,楽譜/スコア,2019-09-28 06:10:22,2019-09-28 06:10:22,680/731,
743,レコーディング/PA機器,2019-09-28 06:10:22,2019-09-28 06:10:22,680/731,
744,DJ機器,2019-09-28 06:10:22,2019-09-28 06:10:22,680/731,
745,DTM/DAW,2019-09-28 06:10:22,2019-09-28 06:10:22,680/731,
746,その他,2019-09-28 06:10:22,2019-09-28 06:10:22,680/731,
747,コレクション,2019-09-28 06:10:22,2019-09-28 06:10:22,680,
748,武具,2019-09-28 06:10:22,2019-09-28 06:10:22,680/747,
749,使用済切手/官製はがき,2019-09-28 06:10:22,2019-09-28 06:10:22,680/747,
750,旧貨幣/金貨/銀貨/記念硬貨,2019-09-28 06:10:22,2019-09-28 06:10:22,680/747,
751,印刷物,2019-09-28 06:10:22,2019-09-28 06:10:22,680/747,
752,ノベルティグッズ,2019-09-28 06:10:22,2019-09-28 06:10:22,680/747,
753,その他,2019-09-28 06:10:22,2019-09-28 06:10:22,680/747,
754,ミリタリー,2019-09-28 06:10:22,2019-09-28 06:10:22,680,
755,トイガン,2019-09-28 06:10:22,2019-09-28 06:10:22,680/754,
756,個人装備,2019-09-28 06:10:22,2019-09-28 06:10:22,680/754,
757,その他,2019-09-28 06:10:22,2019-09-28 06:10:22,680/754,
758,美術品,2019-09-28 06:10:22,2019-09-28 06:10:22,680,
759,陶芸,2019-09-28 06:10:22,2019-09-28 06:10:22,680/758,
760,ガラス,2019-09-28 06:10:22,2019-09-28 06:10:22,680/758,
761,漆芸,2019-09-28 06:10:22,2019-09-28 06:10:22,680/758,
762,金属工芸,2019-09-28 06:10:22,2019-09-28 06:10:22,680/758,
763,絵画/タペストリ,2019-09-28 06:10:22,2019-09-28 06:10:22,680/758,
764,版画,2019-09-28 06:10:22,2019-09-28 06:10:22,680/758,
765,彫刻/オブジェクト,2019-09-28 06:10:22,2019-09-28 06:10:22,680/758,
766,書,2019-09-28 06:10:22,2019-09-28 06:10:22,680/758,
767,写真,2019-09-28 06:10:22,2019-09-28 06:10:22,680/758,
768,その他,2019-09-28 06:10:22,2019-09-28 06:10:22,680/758,
769,アート用品,2019-09-28 06:10:22,2019-09-28 06:10:22,680,
770,画材,2019-09-28 06:10:22,2019-09-28 06:10:22,680/769,
771,額縁,2019-09-28 06:10:22,2019-09-28 06:10:22,680/769,
772,その他,2019-09-28 06:10:22,2019-09-28 06:10:22,680/769,
773,その他,2019-09-28 06:10:22,2019-09-28 06:10:22,680,
774,トランプ/UNO,2019-09-28 06:10:22,2019-09-28 06:10:22,680/773,
775,カルタ/百人一首,2019-09-28 06:10:22,2019-09-28 06:10:22,680/773,
776,ダーツ,2019-09-28 06:10:22,2019-09-28 06:10:22,680/773,
777,ビリヤード,2019-09-28 06:10:22,2019-09-28 06:10:22,680/773,
778,麻雀,2019-09-28 06:10:22,2019-09-28 06:10:22,680/773,
779,パズル/ジグソーパズル,2019-09-28 06:10:22,2019-09-28 06:10:22,680/773,
780,囲碁/将棋,2019-09-28 06:10:22,2019-09-28 06:10:22,680/773,
781,オセロ/チェス,2019-09-28 06:10:22,2019-09-28 06:10:22,680/773,
782,人生ゲーム,2019-09-28 06:10:22,2019-09-28 06:10:22,680/773,
783,野球/サッカーゲーム,2019-09-28 06:10:22,2019-09-28 06:10:22,680/773,
784,スポーツ,2019-09-28 06:10:22,2019-09-28 06:10:22,680/773,
785,三輪車/乗り物,2019-09-28 06:10:22,2019-09-28 06:10:22,680/773,
786,ヨーヨー,2019-09-28 06:10:22,2019-09-28 06:10:22,680/773,
787,模型製作用品,2019-09-28 06:10:22,2019-09-28 06:10:22,680/773,
788,鉄道,2019-09-28 06:10:22,2019-09-28 06:10:22,680/773,
789,航空機,2019-09-28 06:10:22,2019-09-28 06:10:22,680/773,
790,アマチュア無線,2019-09-28 06:10:22,2019-09-28 06:10:22,680/773,
791,パチンコ/パチスロ,2019-09-28 06:10:22,2019-09-28 06:10:22,680/773,
792,その他,2019-09-28 06:10:22,2019-09-28 06:10:22,680/773,
793,コスメ・香水・美容,2019-09-28 06:10:22,2019-09-28 06:10:22,,
794,ベースメイク,2019-09-28 06:10:22,2019-09-28 06:10:22,793,
795,ファンデーション,2019-09-28 06:10:22,2019-09-28 06:10:22,793/794,
796,化粧下地,2019-09-28 06:10:22,2019-09-28 06:10:22,793/794,
797,コントロールカラー,2019-09-28 06:10:22,2019-09-28 06:10:22,793/794,
798,BBクリーム,2019-09-28 06:10:22,2019-09-28 06:10:22,793/794,
799,CCクリーム,2019-09-28 06:10:22,2019-09-28 06:10:22,793/794,
800,コンシーラー,2019-09-28 06:10:22,2019-09-28 06:10:22,793/794,
801,フェイスパウダー,2019-09-28 06:10:22,2019-09-28 06:10:22,793/794,
802,トライアルセット/サンプル,2019-09-28 06:10:22,2019-09-28 06:10:22,793/794,
803,その他,2019-09-28 06:10:22,2019-09-28 06:10:22,793/794,
804,メイクアップ,2019-09-28 06:10:22,2019-09-28 06:10:22,793,
805,アイシャドウ,2019-09-28 06:10:22,2019-09-28 06:10:22,793/804,
806,口紅,2019-09-28 06:10:22,2019-09-28 06:10:22,793/804,
807,リップグロス,2019-09-28 06:10:22,2019-09-28 06:10:22,793/804,
808,リップライナー,2019-09-28 06:10:22,2019-09-28 06:10:22,793/804,
809,チーク,2019-09-28 06:10:22,2019-09-28 06:10:22,793/804,
810,フェイスカラー,2019-09-28 06:10:22,2019-09-28 06:10:22,793/804,
811,マスカラ,2019-09-28 06:10:22,2019-09-28 06:10:22,793/804,
812,アイライナー,2019-09-28 06:10:22,2019-09-28 06:10:22,793/804,
813,つけまつげ,2019-09-28 06:10:22,2019-09-28 06:10:22,793/804,
814,アイブロウペンシル,2019-09-28 06:10:22,2019-09-28 06:10:22,793/804,
815,パウダーアイブロウ,2019-09-28 06:10:22,2019-09-28 06:10:22,793/804,
816,眉マスカラ,2019-09-28 06:10:22,2019-09-28 06:10:22,793/804,
817,トライアルセット/サンプル,2019-09-28 06:10:22,2019-09-28 06:10:22,793/804,
818,メイク道具/化粧小物,2019-09-28 06:10:22,2019-09-28 06:10:22,793/804,
819,美顔用品/美顔ローラー,2019-09-28 06:10:22,2019-09-28 06:10:22,793/804,
820,その他,2019-09-28 06:10:22,2019-09-28 06:10:22,793/804,
821,ネイルケア,2019-09-28 06:10:22,2019-09-28 06:10:22,793,
822,ネイルカラー,2019-09-28 06:10:22,2019-09-28 06:10:22,793/821,
823,カラージェル,2019-09-28 06:10:22,2019-09-28 06:10:22,793/821,
824,ネイルベースコート/トップコート,2019-09-28 06:10:22,2019-09-28 06:10:22,793/821,
825,ネイルアート用品,2019-09-28 06:10:22,2019-09-28 06:10:22,793/821,
826,ネイルパーツ,2019-09-28 06:10:22,2019-09-28 06:10:22,793/821,
827,ネイルチップ/付け爪,2019-09-28 06:10:22,2019-09-28 06:10:22,793/821,
828,手入れ用具,2019-09-28 06:10:22,2019-09-28 06:10:22,793/821,
829,除光液,2019-09-28 06:10:22,2019-09-28 06:10:22,793/821,
830,その他,2019-09-28 06:10:22,2019-09-28 06:10:22,793/821,
831,香水,2019-09-28 06:10:22,2019-09-28 06:10:22,793,
832,香水(女性用),2019-09-28 06:10:22,2019-09-28 06:10:22,793/831,
833,香水(男性用),2019-09-28 06:10:22,2019-09-28 06:10:22,793/831,
834,ユニセックス,2019-09-28 06:10:22,2019-09-28 06:10:22,793/831,
835,ボディミスト,2019-09-28 06:10:22,2019-09-28 06:10:22,793/831,
836,その他,2019-09-28 06:10:22,2019-09-28 06:10:22,793/831,
837,スキンケア/基礎化粧品,2019-09-28 06:10:22,2019-09-28 06:10:22,793,
838,化粧水/ローション,2019-09-28 06:10:22,2019-09-28 06:10:22,793/837,
839,乳液/ミルク,2019-09-28 06:10:22,2019-09-28 06:10:22,793/837,
840,美容液,2019-09-28 06:10:22,2019-09-28 06:10:22,793/837,
841,フェイスクリーム,2019-09-28 06:10:22,2019-09-28 06:10:22,793/837,
842,洗顔料,2019-09-28 06:10:22,2019-09-28 06:10:22,793/837,
843,クレンジング/メイク落とし,2019-09-28 06:10:22,2019-09-28 06:10:22,793/837,
844,パック/フェイスマスク,2019-09-28 06:10:22,2019-09-28 06:10:22,793/837,
845,ジェル/ゲル,2019-09-28 06:10:22,2019-09-28 06:10:22,793/837,
846,ブースター/導入液,2019-09-28 06:10:22,2019-09-28 06:10:22,793/837,
847,アイケア,2019-09-28 06:10:22,2019-09-28 06:10:22,793/837,
848,リップケア,2019-09-28 06:10:22,2019-09-28 06:10:22,793/837,
849,トライアルセット/サンプル,2019-09-28 06:10:22,2019-09-28 06:10:22,793/837,
850,洗顔グッズ,2019-09-28 06:10:22,2019-09-28 06:10:22,793/837,
851,その他,2019-09-28 06:10:22,2019-09-28 06:10:22,793/837,
852,ヘアケア,2019-09-28 06:10:22,2019-09-28 06:10:22,793,
853,シャンプー,2019-09-28 06:10:22,2019-09-28 06:10:22,793/852,
854,トリートメント,2019-09-28 06:10:22,2019-09-28 06:10:22,793/852,
855,コンディショナー,2019-09-28 06:10:22,2019-09-28 06:10:22,793/852,
856,リンス,2019-09-28 06:10:22,2019-09-28 06:10:22,793/852,
857,スタイリング剤,2019-09-28 06:10:22,2019-09-28 06:10:22,793/852,
858,カラーリング剤,2019-09-28 06:10:22,2019-09-28 06:10:22,793/852,
859,ブラシ,2019-09-28 06:10:22,2019-09-28 06:10:22,793/852,
860,その他,2019-09-28 06:10:22,2019-09-28 06:10:22,793/852,
861,ボディケア,2019-09-28 06:10:22,2019-09-28 06:10:22,793,
862,オイル/クリーム,2019-09-28 06:10:22,2019-09-28 06:10:22,793/861,
863,ハンドクリーム,2019-09-28 06:10:22,2019-09-28 06:10:22,793/861,
864,ローション,2019-09-28 06:10:22,2019-09-28 06:10:22,793/861,
865,日焼け止め/サンオイル,2019-09-28 06:10:22,2019-09-28 06:10:22,793/861,
866,ボディソープ,2019-09-28 06:10:22,2019-09-28 06:10:22,793/861,
867,入浴剤,2019-09-28 06:10:22,2019-09-28 06:10:22,793/861,
868,制汗/デオドラント,2019-09-28 06:10:22,2019-09-28 06:10:22,793/861,
869,フットケア,2019-09-28 06:10:22,2019-09-28 06:10:22,793/861,
870,その他,2019-09-28 06:10:22,2019-09-28 06:10:22,793/861,
871,オーラルケア,2019-09-28 06:10:22,2019-09-28 06:10:22,793,
872,口臭防止/エチケット用品,2019-09-28 06:10:22,2019-09-28 06:10:22,793/871,
873,歯ブラシ,2019-09-28 06:10:22,2019-09-28 06:10:22,793/871,
874,その他,2019-09-28 06:10:22,2019-09-28 06:10:22,793/871,
875,リラクゼーション,2019-09-28 06:10:22,2019-09-28 06:10:22,793,
876,エッセンシャルオイル,2019-09-28 06:10:22,2019-09-28 06:10:22,793/875,
877,芳香器,2019-09-28 06:10:22,2019-09-28 06:10:22,793/875,
878,お香/香炉,2019-09-28 06:10:22,2019-09-28 06:10:22,793/875,
879,キャンドル,2019-09-28 06:10:22,2019-09-28 06:10:22,793/875,
880,リラクゼーショングッズ,2019-09-28 06:10:22,2019-09-28 06:10:22,793/875,
881,その他,2019-09-28 06:10:22,2019-09-28 06:10:22,793/875,
882,ダイエット,2019-09-28 06:10:22,2019-09-28 06:10:22,793,
883,ダイエット食品,2019-09-28 06:10:22,2019-09-28 06:10:22,793/882,
884,エクササイズ用品,2019-09-28 06:10:22,2019-09-28 06:10:22,793/882,
885,体重計,2019-09-28 06:10:22,2019-09-28 06:10:22,793/882,
886,体脂肪計,2019-09-28 06:10:22,2019-09-28 06:10:22,793/882,
887,その他,2019-09-28 06:10:22,2019-09-28 06:10:22,793/882,
888,その他,2019-09-28 06:10:22,2019-09-28 06:10:22,793,
889,健康用品,2019-09-28 06:10:22,2019-09-28 06:10:22,793/888,
890,看護/介護用品,2019-09-28 06:10:22,2019-09-28 06:10:22,793/888,
891,救急/衛生用品,2019-09-28 06:10:22,2019-09-28 06:10:22,793/888,
892,その他,2019-09-28 06:10:22,2019-09-28 06:10:22,793/888,
893,家電・スマホ・カメラ,2019-09-28 06:10:22,2019-09-28 06:10:22,,
894,スマートフォン/携帯電話,2019-09-28 06:10:22,2019-09-28 06:10:22,893,
895,スマートフォン本体,2019-09-28 06:10:22,2019-09-28 06:10:22,893/894,
896,バッテリー/充電器,2019-09-28 06:10:22,2019-09-28 06:10:22,893/894,
897,携帯電話本体,2019-09-28 06:10:22,2019-09-28 06:10:22,893/894,
898,PHS本体,2019-09-28 06:10:22,2019-09-28 06:10:22,893/894,
899,その他,2019-09-28 06:10:22,2019-09-28 06:10:22,893/894,
900,スマホアクセサリー,2019-09-28 06:10:22,2019-09-28 06:10:22,893,
901,Android用ケース,2019-09-28 06:10:22,2019-09-28 06:10:22,893/900,
902,iPhone用ケース,2019-09-28 06:10:22,2019-09-28 06:10:22,893/900,
903,カバー,2019-09-28 06:10:22,2019-09-28 06:10:22,893/900,
904,イヤホンジャック,2019-09-28 06:10:22,2019-09-28 06:10:22,893/900,
905,ストラップ,2019-09-28 06:10:22,2019-09-28 06:10:22,893/900,
906,フィルム,2019-09-28 06:10:22,2019-09-28 06:10:22,893/900,
907,自撮り棒,2019-09-28 06:10:22,2019-09-28 06:10:22,893/900,
908,その他,2019-09-28 06:10:22,2019-09-28 06:10:22,893/900,
909,PC/タブレット,2019-09-28 06:10:22,2019-09-28 06:10:22,893,
910,タブレット,2019-09-28 06:10:22,2019-09-28 06:10:22,893/909,
911,ノートPC,2019-09-28 06:10:22,2019-09-28 06:10:22,893/909,
912,デスクトップ型PC,2019-09-28 06:10:22,2019-09-28 06:10:22,893/909,
913,ディスプレイ,2019-09-28 06:10:22,2019-09-28 06:10:22,893/909,
914,電子ブックリーダー,2019-09-28 06:10:22,2019-09-28 06:10:22,893/909,
915,PC周辺機器,2019-09-28 06:10:22,2019-09-28 06:10:22,893/909,
916,PCパーツ,2019-09-28 06:10:22,2019-09-28 06:10:22,893/909,
917,その他,2019-09-28 06:10:22,2019-09-28 06:10:22,893/909,
918,カメラ,2019-09-28 06:10:22,2019-09-28 06:10:22,893,
919,デジタルカメラ,2019-09-28 06:10:22,2019-09-28 06:10:22,893/918,
920,ビデオカメラ,2019-09-28 06:10:22,2019-09-28 06:10:22,893/918,
921,レンズ(単焦点),2019-09-28 06:10:22,2019-09-28 06:10:22,893/918,86
922,レンズ(ズーム),2019-09-28 06:10:22,2019-09-28 06:10:22,893/918,86
923,フィルムカメラ,2019-09-28 06:10:22,2019-09-28 06:10:22,893/918,
924,防犯カメラ,2019-09-28 06:10:22,2019-09-28 06:10:22,893/918,
925,その他,2019-09-28 06:10:22,2019-09-28 06:10:22,893/918,
926,テレビ/映像機器,2019-09-28 06:10:22,2019-09-28 06:10:22,893,
927,テレビ,2019-09-28 06:10:22,2019-09-28 06:10:22,893/926,78
928,プロジェクター,2019-09-28 06:10:22,2019-09-28 06:10:22,893/926,
929,ブルーレイレコーダー,2019-09-28 06:10:22,2019-09-28 06:10:22,893/926,
930,DVDレコーダー,2019-09-28 06:10:22,2019-09-28 06:10:22,893/926,
931,ブルーレイプレーヤー,2019-09-28 06:10:22,2019-09-28 06:10:22,893/926,
932,DVDプレーヤー,2019-09-28 06:10:22,2019-09-28 06:10:22,893/926,
933,映像用ケーブル,2019-09-28 06:10:22,2019-09-28 06:10:22,893/926,
934,その他,2019-09-28 06:10:22,2019-09-28 06:10:22,893/926,
935,オーディオ機器,2019-09-28 06:10:22,2019-09-28 06:10:22,893,
936,ポータブルプレーヤー,2019-09-28 06:10:22,2019-09-28 06:10:22,893/935,
937,イヤフォン,2019-09-28 06:10:22,2019-09-28 06:10:22,893/935,
938,ヘッドフォン,2019-09-28 06:10:22,2019-09-28 06:10:22,893/935,
939,アンプ,2019-09-28 06:10:22,2019-09-28 06:10:22,893/935,
940,スピーカー,2019-09-28 06:10:22,2019-09-28 06:10:22,893/935,
941,ケーブル/シールド,2019-09-28 06:10:22,2019-09-28 06:10:22,893/935,
942,ラジオ,2019-09-28 06:10:22,2019-09-28 06:10:22,893/935,
943,その他,2019-09-28 06:10:22,2019-09-28 06:10:22,893/935,
944,美容/健康,2019-09-28 06:10:22,2019-09-28 06:10:22,893,
945,ヘアドライヤー,2019-09-28 06:10:22,2019-09-28 06:10:22,893/944,
946,ヘアアイロン,2019-09-28 06:10:22,2019-09-28 06:10:22,893/944,
947,美容機器,2019-09-28 06:10:22,2019-09-28 06:10:22,893/944,
948,電気シェーバー,2019-09-28 06:10:22,2019-09-28 06:10:22,893/944,
949,電動歯ブラシ,2019-09-28 06:10:22,2019-09-28 06:10:22,893/944,
950,その他,2019-09-28 06:10:22,2019-09-28 06:10:22,893/944,
951,冷暖房/空調,2019-09-28 06:10:22,2019-09-28 06:10:22,893,
952,エアコン,2019-09-28 06:10:22,2019-09-28 06:10:22,893/951,
953,空気清浄器,2019-09-28 06:10:22,2019-09-28 06:10:22,893/951,
954,加湿器,2019-09-28 06:10:22,2019-09-28 06:10:22,893/951,
955,扇風機,2019-09-28 06:10:22,2019-09-28 06:10:22,893/951,
956,除湿機,2019-09-28 06:10:22,2019-09-28 06:10:22,893/951,
957,ファンヒーター,2019-09-28 06:10:22,2019-09-28 06:10:22,893/951,
958,電気ヒーター,2019-09-28 06:10:22,2019-09-28 06:10:22,893/951,
959,オイルヒーター,2019-09-28 06:10:22,2019-09-28 06:10:22,893/951,
960,ストーブ,2019-09-28 06:10:22,2019-09-28 06:10:22,893/951,
961,ホットカーペット,2019-09-28 06:10:22,2019-09-28 06:10:22,893/951,
962,こたつ,2019-09-28 06:10:22,2019-09-28 06:10:22,893/951,
963,電気毛布,2019-09-28 06:10:22,2019-09-28 06:10:22,893/951,
964,その他,2019-09-28 06:10:22,2019-09-28 06:10:22,893/951,
965,生活家電,2019-09-28 06:10:22,2019-09-28 06:10:22,893,
966,冷蔵庫,2019-09-28 06:10:22,2019-09-28 06:10:22,893/965,
967,洗濯機,2019-09-28 06:10:22,2019-09-28 06:10:22,893/965,
968,炊飯器,2019-09-28 06:10:22,2019-09-28 06:10:22,893/965,
969,電子レンジ/オーブン,2019-09-28 06:10:22,2019-09-28 06:10:22,893/965,
970,調理機器,2019-09-28 06:10:22,2019-09-28 06:10:22,893/965,
971,アイロン,2019-09-28 06:10:22,2019-09-28 06:10:22,893/965,
972,掃除機,2019-09-28 06:10:22,2019-09-28 06:10:22,893/965,
973,エスプレッソマシン,2019-09-28 06:10:22,2019-09-28 06:10:22,893/965,
974,コーヒーメーカー,2019-09-28 06:10:22,2019-09-28 06:10:22,893/965,
975,衣類乾燥機,2019-09-28 06:10:22,2019-09-28 06:10:22,893/965,
976,その他,2019-09-28 06:10:22,2019-09-28 06:10:22,893/965,
977,その他,2019-09-28 06:10:22,2019-09-28 06:10:22,893,
978,その他,2019-09-28 06:10:22,2019-09-28 06:10:22,893/977,
979,スポーツ・レジャー,2019-09-28 06:10:22,2019-09-28 06:10:22,,
980,ゴルフ,2019-09-28 06:10:22,2019-09-28 06:10:22,979,
981,クラブ,2019-09-28 06:10:22,2019-09-28 06:10:22,979/980,
982,ウエア(男性用),2019-09-28 06:10:22,2019-09-28 06:10:22,979/980,1
983,ウエア(女性用),2019-09-28 06:10:22,2019-09-28 06:10:22,979/980,1
984,バッグ,2019-09-28 06:10:22,2019-09-28 06:10:22,979/980,
985,シューズ(男性用),2019-09-28 06:10:22,2019-09-28 06:10:22,979/980,11
986,シューズ(女性用),2019-09-28 06:10:22,2019-09-28 06:10:22,979/980,29
987,アクセサリー,2019-09-28 06:10:22,2019-09-28 06:10:22,979/980,
988,その他,2019-09-28 06:10:22,2019-09-28 06:10:22,979/980,
989,フィッシング,2019-09-28 06:10:22,2019-09-28 06:10:22,979,
990,ロッド,2019-09-28 06:10:22,2019-09-28 06:10:22,979/989,
991,リール,2019-09-28 06:10:22,2019-09-28 06:10:22,979/989,
992,ルアー用品,2019-09-28 06:10:22,2019-09-28 06:10:22,979/989,
993,ウエア,2019-09-28 06:10:22,2019-09-28 06:10:22,979/989,
994,釣り糸/ライン,2019-09-28 06:10:22,2019-09-28 06:10:22,979/989,
995,その他,2019-09-28 06:10:22,2019-09-28 06:10:22,979/989,
996,自転車,2019-09-28 06:10:22,2019-09-28 06:10:22,979,
997,自転車本体,2019-09-28 06:10:22,2019-09-28 06:10:22,979/996,
998,ウエア,2019-09-28 06:10:22,2019-09-28 06:10:22,979/996,
999,パーツ,2019-09-28 06:10:22,2019-09-28 06:10:22,979/996,
1000,アクセサリー,2019-09-28 06:10:22,2019-09-28 06:10:22,979/996,
1001,バッグ,2019-09-28 06:10:22,2019-09-28 06:10:22,979/996,
1002,工具/メンテナンス,2019-09-28 06:10:22,2019-09-28 06:10:22,979/996,
1003,その他,2019-09-28 06:10:22,2019-09-28 06:10:22,979/996,
1004,トレーニング/エクササイズ,2019-09-28 06:10:22,2019-09-28 06:10:22,979,
1005,ランニング,2019-09-28 06:10:22,2019-09-28 06:10:22,979/1004,
1006,ウォーキング,2019-09-28 06:10:22,2019-09-28 06:10:22,979/1004,
1007,ヨガ,2019-09-28 06:10:22,2019-09-28 06:10:22,979/1004,
1008,トレーニング用品,2019-09-28 06:10:22,2019-09-28 06:10:22,979/1004,
1009,その他,2019-09-28 06:10:22,2019-09-28 06:10:22,979/1004,
1010,野球,2019-09-28 06:10:22,2019-09-28 06:10:22,979,
1011,ウェア,2019-09-28 06:10:22,2019-09-28 06:10:22,979/1010,
1012,シューズ,2019-09-28 06:10:22,2019-09-28 06:10:22,979/1010,
1013,グローブ,2019-09-28 06:10:22,2019-09-28 06:10:22,979/1010,
1014,バット,2019-09-28 06:10:22,2019-09-28 06:10:22,979/1010,
1015,アクセサリー,2019-09-28 06:10:22,2019-09-28 06:10:22,979/1010,
1016,防具,2019-09-28 06:10:22,2019-09-28 06:10:22,979/1010,
1017,練習機器,2019-09-28 06:10:22,2019-09-28 06:10:22,979/1010,
1018,記念グッズ,2019-09-28 06:10:22,2019-09-28 06:10:22,979/1010,
1019,応援グッズ,2019-09-28 06:10:22,2019-09-28 06:10:22,979/1010,
1020,その他,2019-09-28 06:10:22,2019-09-28 06:10:22,979/1010,
1021,サッカー/フットサル,2019-09-28 06:10:22,2019-09-28 06:10:22,979,
1022,ウェア,2019-09-28 06:10:22,2019-09-28 06:10:22,979/1021,
1023,シューズ,2019-09-28 06:10:22,2019-09-28 06:10:22,979/1021,
1024,ボール,2019-09-28 06:10:22,2019-09-28 06:10:22,979/1021,
1025,アクセサリー,2019-09-28 06:10:22,2019-09-28 06:10:22,979/1021,
1026,記念グッズ,2019-09-28 06:10:22,2019-09-28 06:10:22,979/1021,
1027,応援グッズ,2019-09-28 06:10:22,2019-09-28 06:10:22,979/1021,
1028,その他,2019-09-28 06:10:22,2019-09-28 06:10:22,979/1021,
1029,テニス,2019-09-28 06:10:22,2019-09-28 06:10:22,979,
1030,ラケット(硬式用),2019-09-28 06:10:22,2019-09-28 06:10:22,979/1029,
1031,ラケット(軟式用),2019-09-28 06:10:22,2019-09-28 06:10:22,979/1029,
1032,ウェア,2019-09-28 06:10:22,2019-09-28 06:10:22,979/1029,
1033,シューズ,2019-09-28 06:10:22,2019-09-28 06:10:22,979/1029,
1034,ボール,2019-09-28 06:10:22,2019-09-28 06:10:22,979/1029,
1035,アクセサリー,2019-09-28 06:10:22,2019-09-28 06:10:22,979/1029,
1036,記念グッズ,2019-09-28 06:10:22,2019-09-28 06:10:22,979/1029,
1037,応援グッズ,2019-09-28 06:10:22,2019-09-28 06:10:22,979/1029,
1038,その他,2019-09-28 06:10:22,2019-09-28 06:10:22,979/1029,
1039,スノーボード,2019-09-28 06:10:22,2019-09-28 06:10:22,979,
1040,ボード,2019-09-28 06:10:22,2019-09-28 06:10:22,979/1039,137
1041,バインディング,2019-09-28 06:10:22,2019-09-28 06:10:22,979/1039,
1042,ブーツ(男性用),2019-09-28 06:10:22,2019-09-28 06:10:22,979/1039,11
1043,ブーツ(女性用),2019-09-28 06:10:22,2019-09-28 06:10:22,979/1039,29
1044,ブーツ(子ども用),2019-09-28 06:10:22,2019-09-28 06:10:22,979/1039,60
1045,ウエア/装備(男性用),2019-09-28 06:10:22,2019-09-28 06:10:22,979/1039,1
1046,ウエア/装備(女性用),2019-09-28 06:10:22,2019-09-28 06:10:22,979/1039,1
1047,ウエア/装備(子ども用),2019-09-28 06:10:22,2019-09-28 06:10:22,979/1039,52
1048,アクセサリー,2019-09-28 06:10:22,2019-09-28 06:10:22,979/1039,
1049,バッグ,2019-09-28 06:10:22,2019-09-28 06:10:22,979/1039,
1050,その他,2019-09-28 06:10:22,2019-09-28 06:10:22,979/1039,
1051,スキー,2019-09-28 06:10:22,2019-09-28 06:10:22,979,
1052,板,2019-09-28 06:10:22,2019-09-28 06:10:22,979/1051,129
1053,ブーツ(男性用),2019-09-28 06:10:22,2019-09-28 06:10:22,979/1051,11
1054,ブーツ(女性用),2019-09-28 06:10:22,2019-09-28 06:10:22,979/1051,29
1055,ブーツ(子ども用),2019-09-28 06:10:22,2019-09-28 06:10:22,979/1051,60
1056,ビンディング,2019-09-28 06:10:22,2019-09-28 06:10:22,979/1051,
1057,ウエア(男性用),2019-09-28 06:10:22,2019-09-28 06:10:22,979/1051,1
1058,ウエア(女性用),2019-09-28 06:10:22,2019-09-28 06:10:22,979/1051,1
1059,ウエア(子ども用),2019-09-28 06:10:22,2019-09-28 06:10:22,979/1051,1
1060,ストック,2019-09-28 06:10:22,2019-09-28 06:10:22,979/1051,
1061,その他,2019-09-28 06:10:22,2019-09-28 06:10:22,979/1051,
1062,その他スポーツ,2019-09-28 06:10:22,2019-09-28 06:10:22,979,
1063,ダンス/バレエ,2019-09-28 06:10:22,2019-09-28 06:10:22,979/1062,
1064,サーフィン,2019-09-28 06:10:22,2019-09-28 06:10:22,979/1062,
1065,バスケットボール,2019-09-28 06:10:22,2019-09-28 06:10:22,979/1062,
1066,バドミントン,2019-09-28 06:10:22,2019-09-28 06:10:22,979/1062,
1067,バレーボール,2019-09-28 06:10:22,2019-09-28 06:10:22,979/1062,
1068,スケートボード,2019-09-28 06:10:22,2019-09-28 06:10:22,979/1062,
1069,陸上競技,2019-09-28 06:10:22,2019-09-28 06:10:22,979/1062,
1070,ラグビー,2019-09-28 06:10:22,2019-09-28 06:10:22,979/1062,
1071,アメリカンフットボール,2019-09-28 06:10:22,2019-09-28 06:10:22,979/1062,
1072,ボクシング,2019-09-28 06:10:22,2019-09-28 06:10:22,979/1062,
1073,ボウリング,2019-09-28 06:10:22,2019-09-28 06:10:22,979/1062,
1074,その他,2019-09-28 06:10:22,2019-09-28 06:10:22,979/1062,
1075,アウトドア,2019-09-28 06:10:22,2019-09-28 06:10:22,979,
1076,テント/タープ,2019-09-28 06:10:22,2019-09-28 06:10:22,979/1075,
1077,ライト/ランタン,2019-09-28 06:10:22,2019-09-28 06:10:22,979/1075,
1078,寝袋/寝具,2019-09-28 06:10:22,2019-09-28 06:10:22,979/1075,
1079,テーブル/チェア,2019-09-28 06:10:22,2019-09-28 06:10:22,979/1075,
1080,ストーブ/コンロ,2019-09-28 06:10:22,2019-09-28 06:10:22,979/1075,
1081,調理器具,2019-09-28 06:10:22,2019-09-28 06:10:22,979/1075,
1082,食器,2019-09-28 06:10:22,2019-09-28 06:10:22,979/1075,
1083,登山用品,2019-09-28 06:10:22,2019-09-28 06:10:22,979/1075,
1084,その他,2019-09-28 06:10:22,2019-09-28 06:10:22,979/1075,
1085,その他,2019-09-28 06:10:22,2019-09-28 06:10:22,979,
1086,旅行用品,2019-09-28 06:10:22,2019-09-28 06:10:22,979/1085,
1087,その他,2019-09-28 06:10:23,2019-09-28 06:10:23,979/1085,
1088,ハンドメイド,2019-09-28 06:10:23,2019-09-28 06:10:23,,
1089,アクセサリー(女性用),2019-09-28 06:10:23,2019-09-28 06:10:23,1088,
1090,ピアス,2019-09-28 06:10:23,2019-09-28 06:10:23,1088/1089,
1091,イヤリング,2019-09-28 06:10:23,2019-09-28 06:10:23,1088/1089,
1092,ネックレス,2019-09-28 06:10:23,2019-09-28 06:10:23,1088/1089,
1093,ブレスレット,2019-09-28 06:10:23,2019-09-28 06:10:23,1088/1089,
1094,リング,2019-09-28 06:10:23,2019-09-28 06:10:23,1088/1089,
1095,チャーム,2019-09-28 06:10:23,2019-09-28 06:10:23,1088/1089,
1096,ヘアゴム,2019-09-28 06:10:23,2019-09-28 06:10:23,1088/1089,
1097,アンクレット,2019-09-28 06:10:23,2019-09-28 06:10:23,1088/1089,
1098,その他,2019-09-28 06:10:23,2019-09-28 06:10:23,1088/1089,
1099,ファッション/小物,2019-09-28 06:10:23,2019-09-28 06:10:23,1088,
1100,バッグ(女性用),2019-09-28 06:10:23,2019-09-28 06:10:23,1088/1099,
1101,バッグ(男性用),2019-09-28 06:10:23,2019-09-28 06:10:23,1088/1099,
1102,財布(女性用),2019-09-28 06:10:23,2019-09-28 06:10:23,1088/1099,
1103,財布(男性用),2019-09-28 06:10:23,2019-09-28 06:10:23,1088/1099,
1104,ファッション雑貨,2019-09-28 06:10:23,2019-09-28 06:10:23,1088/1099,
1105,その他,2019-09-28 06:10:23,2019-09-28 06:10:23,1088/1099,
1106,アクセサリー/時計,2019-09-28 06:10:23,2019-09-28 06:10:23,1088,
1107,アクセサリー(男性用),2019-09-28 06:10:23,2019-09-28 06:10:23,1088/1106,
1108,時計(女性用),2019-09-28 06:10:23,2019-09-28 06:10:23,1088/1106,
1109,時計(男性用),2019-09-28 06:10:23,2019-09-28 06:10:23,1088/1106,
1110,その他,2019-09-28 06:10:23,2019-09-28 06:10:23,1088/1106,
1111,日用品/インテリア,2019-09-28 06:10:23,2019-09-28 06:10:23,1088,
1112,キッチン用品,2019-09-28 06:10:23,2019-09-28 06:10:23,1088/1111,
1113,家具,2019-09-28 06:10:23,2019-09-28 06:10:23,1088/1111,
1114,文房具,2019-09-28 06:10:23,2019-09-28 06:10:23,1088/1111,
1115,アート/写真,2019-09-28 06:10:23,2019-09-28 06:10:23,1088/1111,
1116,アロマ/キャンドル,2019-09-28 06:10:23,2019-09-28 06:10:23,1088/1111,
1117,フラワー/ガーデン,2019-09-28 06:10:23,2019-09-28 06:10:23,1088/1111,
1118,その他,2019-09-28 06:10:23,2019-09-28 06:10:23,1088/1111,
1119,趣味/おもちゃ,2019-09-28 06:10:23,2019-09-28 06:10:23,1088,
1120,クラフト/布製品,2019-09-28 06:10:23,2019-09-28 06:10:23,1088/1119,
1121,おもちゃ/人形,2019-09-28 06:10:23,2019-09-28 06:10:23,1088/1119,
1122,その他,2019-09-28 06:10:23,2019-09-28 06:10:23,1088/1119,
1123,キッズ/ベビー,2019-09-28 06:10:23,2019-09-28 06:10:23,1088,
1124,ファッション雑貨,2019-09-28 06:10:23,2019-09-28 06:10:23,1088/1123,
1125,スタイ/よだれかけ,2019-09-28 06:10:23,2019-09-28 06:10:23,1088/1123,
1126,外出用品,2019-09-28 06:10:23,2019-09-28 06:10:23,1088/1123,
1127,ネームタグ,2019-09-28 06:10:23,2019-09-28 06:10:23,1088/1123,
1128,その他,2019-09-28 06:10:23,2019-09-28 06:10:23,1088/1123,
1129,素材/材料,2019-09-28 06:10:23,2019-09-28 06:10:23,1088,
1130,各種パーツ,2019-09-28 06:10:23,2019-09-28 06:10:23,1088/1129,
1131,生地/糸,2019-09-28 06:10:23,2019-09-28 06:10:23,1088/1129,
1132,型紙/パターン,2019-09-28 06:10:23,2019-09-28 06:10:23,1088/1129,
1133,その他,2019-09-28 06:10:23,2019-09-28 06:10:23,1088/1129,
1134,二次創作物,2019-09-28 06:10:23,2019-09-28 06:10:23,1088,
1135,Ingress,2019-09-28 06:10:23,2019-09-28 06:10:23,1088/1134,
1136,クリエイターズ宇宙兄弟,2019-09-28 06:10:23,2019-09-28 06:10:23,1088/1134,
1137,その他,2019-09-28 06:10:23,2019-09-28 06:10:23,1088,
1138,チケット,2019-09-28 06:10:23,2019-09-28 06:10:23,,
1139,音楽  ,2019-09-28 06:10:23,2019-09-28 06:10:23,1138,
1140,男性アイドル,2019-09-28 06:10:23,2019-09-28 06:10:23,1138/1139,
1141,女性アイドル,2019-09-28 06:10:23,2019-09-28 06:10:23,1138/1139,
1142,韓流,2019-09-28 06:10:23,2019-09-28 06:10:23,1138/1139,
1143,国内アーティスト,2019-09-28 06:10:23,2019-09-28 06:10:23,1138/1139,
1144,海外アーティスト,2019-09-28 06:10:23,2019-09-28 06:10:23,1138/1139,
1145,音楽フェス,2019-09-28 06:10:23,2019-09-28 06:10:23,1138/1139,
1146,声優/アニメ,2019-09-28 06:10:23,2019-09-28 06:10:23,1138/1139,
1147,その他,2019-09-28 06:10:23,2019-09-28 06:10:23,1138/1139,
1148,スポーツ,2019-09-28 06:10:23,2019-09-28 06:10:23,1138,
1149,サッカー,2019-09-28 06:10:23,2019-09-28 06:10:23,1138/1148,
1150,野球,2019-09-28 06:10:23,2019-09-28 06:10:23,1138/1148,
1151,テニス,2019-09-28 06:10:23,2019-09-28 06:10:23,1138/1148,
1152,格闘技/プロレス,2019-09-28 06:10:23,2019-09-28 06:10:23,1138/1148,
1153,相撲/武道,2019-09-28 06:10:23,2019-09-28 06:10:23,1138/1148,
1154,ゴルフ,2019-09-28 06:10:23,2019-09-28 06:10:23,1138/1148,
1155,バレーボール,2019-09-28 06:10:23,2019-09-28 06:10:23,1138/1148,
1156,バスケットボール,2019-09-28 06:10:23,2019-09-28 06:10:23,1138/1148,
1157,モータースポーツ,2019-09-28 06:10:23,2019-09-28 06:10:23,1138/1148,
1158,ウィンタースポーツ,2019-09-28 06:10:23,2019-09-28 06:10:23,1138/1148,
1159,その他,2019-09-28 06:10:23,2019-09-28 06:10:23,1138/1148,
1160,演劇/芸能,2019-09-28 06:10:23,2019-09-28 06:10:23,1138,
1161,ミュージカル,2019-09-28 06:10:23,2019-09-28 06:10:23,1138/1160,
1162,演劇,2019-09-28 06:10:23,2019-09-28 06:10:23,1138/1160,
1163,伝統芸能,2019-09-28 06:10:23,2019-09-28 06:10:23,1138/1160,
1164,落語,2019-09-28 06:10:23,2019-09-28 06:10:23,1138/1160,
1165,お笑い,2019-09-28 06:10:23,2019-09-28 06:10:23,1138/1160,
1166,オペラ,2019-09-28 06:10:23,2019-09-28 06:10:23,1138/1160,
1167,サーカス,2019-09-28 06:10:23,2019-09-28 06:10:23,1138/1160,
1168,バレエ,2019-09-28 06:10:23,2019-09-28 06:10:23,1138/1160,
1169,その他,2019-09-28 06:10:23,2019-09-28 06:10:23,1138/1160,
1170,イベント,2019-09-28 06:10:23,2019-09-28 06:10:23,1138,
1171,声優/アニメ,2019-09-28 06:10:23,2019-09-28 06:10:23,1138/1170,
1172,キッズ/ファミリー,2019-09-28 06:10:23,2019-09-28 06:10:23,1138/1170,
1173,トークショー/講演会,2019-09-28 06:10:23,2019-09-28 06:10:23,1138/1170,
1174,その他,2019-09-28 06:10:23,2019-09-28 06:10:23,1138/1170,
1175,映画,2019-09-28 06:10:23,2019-09-28 06:10:23,1138,
1176,邦画,2019-09-28 06:10:23,2019-09-28 06:10:23,1138/1175,
1177,洋画,2019-09-28 06:10:23,2019-09-28 06:10:23,1138/1175,
1178,その他,2019-09-28 06:10:23,2019-09-28 06:10:23,1138/1175,
1179,施設利用券,2019-09-28 06:10:23,2019-09-28 06:10:23,1138,
1180,遊園地/テーマパーク,2019-09-28 06:10:23,2019-09-28 06:10:23,1138/1179,
1181,美術館/博物館,2019-09-28 06:10:23,2019-09-28 06:10:23,1138/1179,
1182,スキー場,2019-09-28 06:10:23,2019-09-28 06:10:23,1138/1179,
1183,ゴルフ場,2019-09-28 06:10:23,2019-09-28 06:10:23,1138/1179,
1184,フィットネスクラブ,2019-09-28 06:10:23,2019-09-28 06:10:23,1138/1179,
1185,プール,2019-09-28 06:10:23,2019-09-28 06:10:23,1138/1179,
1186,ボウリング場,2019-09-28 06:10:23,2019-09-28 06:10:23,1138/1179,
1187,水族館,2019-09-28 06:10:23,2019-09-28 06:10:23,1138/1179,
1188,動物園,2019-09-28 06:10:23,2019-09-28 06:10:23,1138/1179,
1189,その他,2019-09-28 06:10:23,2019-09-28 06:10:23,1138/1179,
1190,優待券/割引券,2019-09-28 06:10:23,2019-09-28 06:10:23,1138,
1191,ショッピング,2019-09-28 06:10:23,2019-09-28 06:10:23,1138/1190,
1192,レストラン/食事券,2019-09-28 06:10:23,2019-09-28 06:10:23,1138/1190,
1193,フード/ドリンク券,2019-09-28 06:10:23,2019-09-28 06:10:23,1138/1190,
1194,宿泊券,2019-09-28 06:10:23,2019-09-28 06:10:23,1138/1190,
1195,その他,2019-09-28 06:10:23,2019-09-28 06:10:23,1138/1190,
1196,その他,2019-09-28 06:10:23,2019-09-28 06:10:23,1138,
1197,自動車・オートバイ,2019-09-28 06:10:23,2019-09-28 06:10:23,,
1198,自動車本体,2019-09-28 06:10:23,2019-09-28 06:10:23,1197,
1199,国内自動車本体,2019-09-28 06:10:23,2019-09-28 06:10:23,1197/1198,
1200,外国自動車本体,2019-09-28 06:10:23,2019-09-28 06:10:23,1197/1198,
1201,自動車タイヤ/ホイール,2019-09-28 06:10:23,2019-09-28 06:10:23,1197,115
1202,タイヤ/ホイールセット,2019-09-28 06:10:23,2019-09-28 06:10:23,1197/1201,115
1203,タイヤ,2019-09-28 06:10:23,2019-09-28 06:10:23,1197/1201,115
1204,ホイール,2019-09-28 06:10:23,2019-09-28 06:10:23,1197/1201,115
1205,その他,2019-09-28 06:10:23,2019-09-28 06:10:23,1197/1201,115
1206,自動車パーツ,2019-09-28 06:10:23,2019-09-28 06:10:23,1197,
1207,サスペンション,2019-09-28 06:10:23,2019-09-28 06:10:23,1197/1206,
1208,ブレーキ,2019-09-28 06:10:23,2019-09-28 06:10:23,1197/1206,
1209,外装、エアロパーツ,2019-09-28 06:10:23,2019-09-28 06:10:23,1197/1206,
1210,ライト,2019-09-28 06:10:23,2019-09-28 06:10:23,1197/1206,
1211,内装品、シート,2019-09-28 06:10:23,2019-09-28 06:10:23,1197/1206,
1212,ステアリング,2019-09-28 06:10:23,2019-09-28 06:10:23,1197/1206,
1213,マフラー・排気系,2019-09-28 06:10:23,2019-09-28 06:10:23,1197/1206,
1214,エンジン、過給器、冷却装置,2019-09-28 06:10:23,2019-09-28 06:10:23,1197/1206,
1215,クラッチ、ミッション、駆動系,2019-09-28 06:10:23,2019-09-28 06:10:23,1197/1206,
1216,電装品,2019-09-28 06:10:23,2019-09-28 06:10:23,1197/1206,
1217,補強パーツ,2019-09-28 06:10:23,2019-09-28 06:10:23,1197/1206,
1218,汎用パーツ,2019-09-28 06:10:23,2019-09-28 06:10:23,1197/1206,
1219,外国自動車用パーツ,2019-09-28 06:10:23,2019-09-28 06:10:23,1197/1206,
1220,その他,2019-09-28 06:10:23,2019-09-28 06:10:23,1197/1206,
1221,自動車アクセサリー,2019-09-28 06:10:23,2019-09-28 06:10:23,1197,
1222,車内アクセサリー,2019-09-28 06:10:23,2019-09-28 06:10:23,1197/1221,
1223,カーナビ,2019-09-28 06:10:23,2019-09-28 06:10:23,1197/1221,
1224,カーオーディオ,2019-09-28 06:10:23,2019-09-28 06:10:23,1197/1221,
1225,車外アクセサリー,2019-09-28 06:10:23,2019-09-28 06:10:23,1197/1221,
1226,メンテナンス用品,2019-09-28 06:10:23,2019-09-28 06:10:23,1197/1221,
1227,チャイルドシート,2019-09-28 06:10:23,2019-09-28 06:10:23,1197/1221,
1228,ドライブレコーダー,2019-09-28 06:10:23,2019-09-28 06:10:23,1197/1221,
1229,レーダー探知機,2019-09-28 06:10:23,2019-09-28 06:10:23,1197/1221,
1230,カタログ/マニュアル,2019-09-28 06:10:23,2019-09-28 06:10:23,1197/1221,
1231,セキュリティ,2019-09-28 06:10:23,2019-09-28 06:10:23,1197/1221,
1232,ETC,2019-09-28 06:10:23,2019-09-28 06:10:23,1197/1221,
1233,その他,2019-09-28 06:10:23,2019-09-28 06:10:23,1197/1221,
1234,オートバイ車体,2019-09-28 06:10:23,2019-09-28 06:10:23,1197,99
1235,オートバイパーツ,2019-09-28 06:10:23,2019-09-28 06:10:23,1197,
1236,タイヤ,2019-09-28 06:10:23,2019-09-28 06:10:23,1197/1235,
1237,マフラー,2019-09-28 06:10:23,2019-09-28 06:10:23,1197/1235,
1238,エンジン、冷却装置,2019-09-28 06:10:23,2019-09-28 06:10:23,1197/1235,
1239,カウル、フェンダー、外装,2019-09-28 06:10:23,2019-09-28 06:10:23,1197/1235,
1240,サスペンション,2019-09-28 06:10:23,2019-09-28 06:10:23,1197/1235,
1241,ホイール,2019-09-28 06:10:23,2019-09-28 06:10:23,1197/1235,
1242,シート,2019-09-28 06:10:23,2019-09-28 06:10:23,1197/1235,
1243,ブレーキ,2019-09-28 06:10:23,2019-09-28 06:10:23,1197/1235,
1244,タンク,2019-09-28 06:10:23,2019-09-28 06:10:23,1197/1235,
1245,ライト、ウィンカー,2019-09-28 06:10:23,2019-09-28 06:10:23,1197/1235,
1246,チェーン、スプロケット、駆動系,2019-09-28 06:10:23,2019-09-28 06:10:23,1197/1235,
1247,メーター,2019-09-28 06:10:23,2019-09-28 06:10:23,1197/1235,
1248,電装系,2019-09-28 06:10:23,2019-09-28 06:10:23,1197/1235,
1249,ミラー,2019-09-28 06:10:23,2019-09-28 06:10:23,1197/1235,
1250,外国オートバイ用パーツ,2019-09-28 06:10:23,2019-09-28 06:10:23,1197/1235,
1251,その他,2019-09-28 06:10:23,2019-09-28 06:10:23,1197/1235,
1252,オートバイアクセサリー,2019-09-28 06:10:23,2019-09-28 06:10:23,1197,
1253,ヘルメット/シールド,2019-09-28 06:10:23,2019-09-28 06:10:23,1197/1252,
1254,バイクウエア/装備,2019-09-28 06:10:23,2019-09-28 06:10:23,1197/1252,
1255,アクセサリー,2019-09-28 06:10:23,2019-09-28 06:10:23,1197/1252,
1256,メンテナンス,2019-09-28 06:10:23,2019-09-28 06:10:23,1197/1252,
1257,カタログ/マニュアル,2019-09-28 06:10:23,2019-09-28 06:10:23,1197/1252,
1258,その他,2019-09-28 06:10:23,2019-09-28 06:10:23,1197/1252,
1259,その他,2019-09-28 06:10:23,2019-09-28 06:10:23,,
1260,まとめ売り,2019-09-28 06:10:23,2019-09-28 06:10:23,1259,
1261,ペット用品,2019-09-28 06:10:23,2019-09-28 06:10:23,1259,
1262,ペットフード,2019-09-28 06:10:23,2019-09-28 06:10:23,1259/1261,
1263,犬用品,2019-09-28 06:10:23,2019-09-28 06:10:23,1259/1261,
1264,猫用品,2019-09-28 06:10:23,2019-09-28 06:10:23,1259/1261,
1265,魚用品/水草,2019-09-28 06:10:23,2019-09-28 06:10:23,1259/1261,
1266,小動物用品,2019-09-28 06:10:23,2019-09-28 06:10:23,1259/1261,
1267,爬虫類/両生類用品,2019-09-28 06:10:23,2019-09-28 06:10:23,1259/1261,
1268,かご/おり,2019-09-28 06:10:23,2019-09-28 06:10:23,1259/1261,
1269,鳥用品,2019-09-28 06:10:23,2019-09-28 06:10:23,1259/1261,
1270,虫類用品,2019-09-28 06:10:23,2019-09-28 06:10:23,1259/1261,
1271,その他,2019-09-28 06:10:23,2019-09-28 06:10:23,1259/1261,
1272,食品,2019-09-28 06:10:23,2019-09-28 06:10:23,1259,
1273,菓子,2019-09-28 06:10:23,2019-09-28 06:10:23,1259/1272,
1274,米,2019-09-28 06:10:23,2019-09-28 06:10:23,1259/1272,
1275,野菜,2019-09-28 06:10:23,2019-09-28 06:10:23,1259/1272,
1276,果物,2019-09-28 06:10:23,2019-09-28 06:10:23,1259/1272,
1277,調味料,2019-09-28 06:10:23,2019-09-28 06:10:23,1259/1272,
1278,魚介類(加工食品),2019-09-28 06:10:23,2019-09-28 06:10:23,1259/1272,
1279,肉類(加工食品),2019-09-28 06:10:23,2019-09-28 06:10:23,1259/1272,
1280,その他 加工食品,2019-09-28 06:10:23,2019-09-28 06:10:23,1259/1272,
1281,その他,2019-09-28 06:10:23,2019-09-28 06:10:23,1259/1272,
1282,飲料/酒,2019-09-28 06:10:23,2019-09-28 06:10:23,1259,
1283,コーヒー,2019-09-28 06:10:23,2019-09-28 06:10:23,1259/1282,
1284,ソフトドリンク,2019-09-28 06:10:23,2019-09-28 06:10:23,1259/1282,
1285,ミネラルウォーター,2019-09-28 06:10:23,2019-09-28 06:10:23,1259/1282,
1286,茶,2019-09-28 06:10:23,2019-09-28 06:10:23,1259/1282,
1287,ウイスキー,2019-09-28 06:10:23,2019-09-28 06:10:23,1259/1282,
1288,ワイン,2019-09-28 06:10:23,2019-09-28 06:10:23,1259/1282,
1289,ブランデー,2019-09-28 06:10:23,2019-09-28 06:10:23,1259/1282,
1290,焼酎,2019-09-28 06:10:23,2019-09-28 06:10:23,1259/1282,
1291,日本酒,2019-09-28 06:10:23,2019-09-28 06:10:23,1259/1282,
1292,ビール、発泡酒,2019-09-28 06:10:23,2019-09-28 06:10:23,1259/1282,
1293,その他,2019-09-28 06:10:23,2019-09-28 06:10:23,1259/1282,
1294,日用品/生活雑貨/旅行,2019-09-28 06:10:23,2019-09-28 06:10:23,1259,
1295,タオル/バス用品,2019-09-28 06:10:23,2019-09-28 06:10:23,1259/1294,
1296,日用品/生活雑貨,2019-09-28 06:10:23,2019-09-28 06:10:23,1259/1294,
1297,洗剤/柔軟剤,2019-09-28 06:10:23,2019-09-28 06:10:23,1259/1294,
1298,旅行用品,2019-09-28 06:10:23,2019-09-28 06:10:23,1259/1294,
1299,防災関連グッズ,2019-09-28 06:10:23,2019-09-28 06:10:23,1259/1294,
1300,その他,2019-09-28 06:10:23,2019-09-28 06:10:23,1259/1294,
1301,アンティーク/コレクション,2019-09-28 06:10:23,2019-09-28 06:10:23,1259,
1302,雑貨,2019-09-28 06:10:23,2019-09-28 06:10:23,1259/1301,
1303,工芸品,2019-09-28 06:10:23,2019-09-28 06:10:23,1259/1301,
1304,家具,2019-09-28 06:10:23,2019-09-28 06:10:23,1259/1301,
1305,印刷物,2019-09-28 06:10:23,2019-09-28 06:10:23,1259/1301,
1306,その他,2019-09-28 06:10:23,2019-09-28 06:10:23,1259/1301,
1307,文房具/事務用品,2019-09-28 06:10:23,2019-09-28 06:10:23,1259,
1308,筆記具,2019-09-28 06:10:23,2019-09-28 06:10:23,1259/1307,
1309,ノート/メモ帳,2019-09-28 06:10:23,2019-09-28 06:10:23,1259/1307,
1310,テープ/マスキングテープ,2019-09-28 06:10:23,2019-09-28 06:10:23,1259/1307,
1311,カレンダー/スケジュール,2019-09-28 06:10:23,2019-09-28 06:10:23,1259/1307,
1312,アルバム/スクラップ,2019-09-28 06:10:23,2019-09-28 06:10:23,1259/1307,
1313,ファイル/バインダー,2019-09-28 06:10:23,2019-09-28 06:10:23,1259/1307,
1314,はさみ/カッター,2019-09-28 06:10:23,2019-09-28 06:10:23,1259/1307,
1315,カードホルダー/名刺管理,2019-09-28 06:10:23,2019-09-28 06:10:23,1259/1307,
1316,のり/ホッチキス,2019-09-28 06:10:23,2019-09-28 06:10:23,1259/1307,
1317,その他,2019-09-28 06:10:23,2019-09-28 06:10:23,1259/1307,
1318,事務/店舗用品,2019-09-28 06:10:23,2019-09-28 06:10:23,1259,
1319,オフィス用品一般,2019-09-28 06:10:23,2019-09-28 06:10:23,1259/1318,
1320,オフィス家具,2019-09-28 06:10:23,2019-09-28 06:10:23,1259/1318,
1321,店舗用品,2019-09-28 06:10:23,2019-09-28 06:10:23,1259/1318,
1322,OA機器,2019-09-28 06:10:23,2019-09-28 06:10:23,1259/1318,
1323,ラッピング/包装,2019-09-28 06:10:23,2019-09-28 06:10:23,1259/1318,
1324,その他,2019-09-28 06:10:23,2019-09-28 06:10:23,1259/1318,
1325,その他,2019-09-28 06:10:23,2019-09-28 06:10:23,1259,